mass_feature,FinalBMIS,Orig_RSD,FinalRSD,replicate_name,runDate,type,samp_id,replicate,area,date,QC_area,fraction,adjusted_area
"2,5-Dihydroxybenzoic acid",Inj_vol,0.054222685827555094,0.054222685827555094,220302_Poo_TruePooBacteria_Full1,220302,Poo,TruePooBacteria,Full1,NA,220302,NA,HILICNeg,NA
"2,5-Dihydroxybenzoic acid",Inj_vol,0.054222685827555094,0.054222685827555094,220302_Poo_TruePooBacteria_Full2,220302,Poo,TruePooBacteria,Full2,NA,220302,NA,HILICNeg,NA
"2,5-Dihydroxybenzoic acid",Inj_vol,0.054222685827555094,0.054222685827555094,220302_Poo_TruePooBacteria_Full3,220302,Poo,TruePooBacteria,Full3,NA,220302,NA,HILICNeg,NA
"2,5-Dihydroxybenzoic acid",Inj_vol,0.054222685827555094,0.054222685827555094,220302_Poo_TruePooBacteria_Half1,220302,Poo,TruePooBacteria,Half1,100991,220302,100991,HILICNeg,201982
"2,5-Dihydroxybenzoic acid",Inj_vol,0.054222685827555094,0.054222685827555094,220302_Poo_TruePooBacteria_Half2,220302,Poo,TruePooBacteria,Half2,109044,220302,109044,HILICNeg,218088
"2,5-Dihydroxybenzoic acid",Inj_vol,0.054222685827555094,0.054222685827555094,220302_Poo_TruePooBacteria_Half3,220302,Poo,TruePooBacteria,Half3,NA,220302,NA,HILICNeg,NA
"2,5-Dihydroxybenzoic acid",Inj_vol,0.054222685827555094,0.054222685827555094,220302_Smp_MQBlk1_A,220302,Smp,MQBlk1,A,NA,220302,NA,HILICNeg,NA
"2,5-Dihydroxybenzoic acid",Inj_vol,0.054222685827555094,0.054222685827555094,220302_Smp_MQBlk1_B,220302,Smp,MQBlk1,B,NA,220302,NA,HILICNeg,NA
"2,5-Dihydroxybenzoic acid",Inj_vol,0.054222685827555094,0.054222685827555094,220302_Smp_MQBlk1_C,220302,Smp,MQBlk1,C,NA,220302,NA,HILICNeg,NA
"2,5-Dihydroxybenzoic acid",Inj_vol,0.054222685827555094,0.054222685827555094,220302_Smp_MQBlk2_A,220302,Smp,MQBlk2,A,NA,220302,NA,HILICNeg,NA
"2,5-Dihydroxybenzoic acid",Inj_vol,0.054222685827555094,0.054222685827555094,220302_Smp_MQBlk2_B,220302,Smp,MQBlk2,B,NA,220302,NA,HILICNeg,NA
"2,5-Dihydroxybenzoic acid",Inj_vol,0.054222685827555094,0.054222685827555094,220302_Smp_MQBlk2_C,220302,Smp,MQBlk2,C,NA,220302,NA,HILICNeg,NA
"2,5-Dihydroxybenzoic acid",Inj_vol,0.054222685827555094,0.054222685827555094,220302_Smp_MQBlk3_A,220302,Smp,MQBlk3,A,NA,220302,NA,HILICNeg,NA
"2,5-Dihydroxybenzoic acid",Inj_vol,0.054222685827555094,0.054222685827555094,220302_Smp_MQBlk3_B,220302,Smp,MQBlk3,B,NA,220302,NA,HILICNeg,NA
"2,5-Dihydroxybenzoic acid",Inj_vol,0.054222685827555094,0.054222685827555094,220302_Smp_MQBlk3_C,220302,Smp,MQBlk3,C,NA,220302,NA,HILICNeg,NA
"2,5-Dihydroxybenzoic acid",Inj_vol,0.054222685827555094,0.054222685827555094,220302_Smp_SupernatBlk_1,220302,Smp,SupernatBlk,1,NA,220302,NA,HILICNeg,NA
"2,5-Dihydroxybenzoic acid",Inj_vol,0.054222685827555094,0.054222685827555094,220302_Smp_SupernatBlk_2,220302,Smp,SupernatBlk,2,NA,220302,NA,HILICNeg,NA
"2,5-Dihydroxybenzoic acid",Inj_vol,0.054222685827555094,0.054222685827555094,220302_Smp_SupernatBlk_3,220302,Smp,SupernatBlk,3,NA,220302,NA,HILICNeg,NA
"2,5-Dihydroxybenzoic acid",Inj_vol,0.054222685827555094,0.054222685827555094,220302_Smp_SWBlk_1,220302,Smp,SWBlk,1,NA,220302,NA,HILICNeg,NA
"2,5-Dihydroxybenzoic acid",Inj_vol,0.054222685827555094,0.054222685827555094,220302_Smp_SWBlk_2,220302,Smp,SWBlk,2,NA,220302,NA,HILICNeg,NA
"2,5-Dihydroxybenzoic acid",Inj_vol,0.054222685827555094,0.054222685827555094,220302_Smp_SWBlk_3,220302,Smp,SWBlk,3,NA,220302,NA,HILICNeg,NA
"2,5-Dihydroxybenzoic acid",Inj_vol,0.054222685827555094,0.054222685827555094,220302_Smp_OBi1_1,220302,Smp,OBi1,1,121288,220302,121288,HILICNeg,121288
"2,5-Dihydroxybenzoic acid",Inj_vol,0.054222685827555094,0.054222685827555094,220302_Smp_OBi1_2,220302,Smp,OBi1,2,NA,220302,NA,HILICNeg,NA
"2,5-Dihydroxybenzoic acid",Inj_vol,0.054222685827555094,0.054222685827555094,220302_Smp_OBi1_3,220302,Smp,OBi1,3,NA,220302,NA,HILICNeg,NA
"2,5-Dihydroxybenzoic acid",Inj_vol,0.054222685827555094,0.054222685827555094,220302_Smp_OBi1_4,220302,Smp,OBi1,4,NA,220302,NA,HILICNeg,NA
"2,5-Dihydroxybenzoic acid",Inj_vol,0.054222685827555094,0.054222685827555094,220302_Smp_OBi1_5,220302,Smp,OBi1,5,NA,220302,NA,HILICNeg,NA
"2,5-Dihydroxybenzoic acid",Inj_vol,0.054222685827555094,0.054222685827555094,220302_Smp_OBi1_6,220302,Smp,OBi1,6,NA,220302,NA,HILICNeg,NA
"2,5-Dihydroxybenzoic acid",Inj_vol,0.054222685827555094,0.054222685827555094,220302_Smp_OBi1_7,220302,Smp,OBi1,7,NA,220302,NA,HILICNeg,NA
"2,5-Dihydroxybenzoic acid",Inj_vol,0.054222685827555094,0.054222685827555094,220302_Smp_OBi1_8,220302,Smp,OBi1,8,37054,220302,NA,HILICNeg,NA
"2,5-Dihydroxybenzoic acid",Inj_vol,0.054222685827555094,0.054222685827555094,220302_Smp_OBi1_9,220302,Smp,OBi1,9,NA,220302,NA,HILICNeg,NA
"2,5-Dihydroxybenzoic acid",Inj_vol,0.054222685827555094,0.054222685827555094,220302_Smp_OBi1small_1,220302,Smp,OBi1small,1,118267,220302,118267,HILICNeg,118267
"2,5-Dihydroxybenzoic acid",Inj_vol,0.054222685827555094,0.054222685827555094,220302_Smp_OBi1small_2,220302,Smp,OBi1small,2,NA,220302,NA,HILICNeg,NA
"2,5-Dihydroxybenzoic acid",Inj_vol,0.054222685827555094,0.054222685827555094,220302_Smp_OBi1small_3,220302,Smp,OBi1small,3,NA,220302,NA,HILICNeg,NA
"2,5-Dihydroxybenzoic acid",Inj_vol,0.054222685827555094,0.054222685827555094,220302_Smp_OBi1small_4,220302,Smp,OBi1small,4,91535,220302,91535,HILICNeg,91535
"2,5-Dihydroxybenzoic acid",Inj_vol,0.054222685827555094,0.054222685827555094,220302_Smp_RWi2_1,220302,Smp,RWi2,1,NA,220302,NA,HILICNeg,NA
"2,5-Dihydroxybenzoic acid",Inj_vol,0.054222685827555094,0.054222685827555094,220302_Smp_RWi2_2,220302,Smp,RWi2,2,NA,220302,NA,HILICNeg,NA
"2,5-Dihydroxybenzoic acid",Inj_vol,0.054222685827555094,0.054222685827555094,220302_Smp_RWi2_3,220302,Smp,RWi2,3,NA,220302,NA,HILICNeg,NA
"2,5-Dihydroxybenzoic acid",Inj_vol,0.054222685827555094,0.054222685827555094,220302_Smp_RWi2_4,220302,Smp,RWi2,4,106003,220302,106003,HILICNeg,106003
"2,5-Dihydroxybenzoic acid",Inj_vol,0.054222685827555094,0.054222685827555094,220302_Smp_RWi2_5,220302,Smp,RWi2,5,NA,220302,NA,HILICNeg,NA
"2,5-Dihydroxybenzoic acid",Inj_vol,0.054222685827555094,0.054222685827555094,220302_Smp_RWi2_6,220302,Smp,RWi2,6,NA,220302,NA,HILICNeg,NA
5-Hydroxyectoine,Inj_vol,0.06168523757913546,0.06168523757913546,220302_Poo_TruePooBacteria_Full1,220302,Poo,TruePooBacteria,Full1,123820440,220302,123820440,HILICPos,123820440
5-Hydroxyectoine,Inj_vol,0.06168523757913546,0.06168523757913546,220302_Poo_TruePooBacteria_Full2,220302,Poo,TruePooBacteria,Full2,133587008,220302,133587008,HILICPos,133587008
5-Hydroxyectoine,Inj_vol,0.06168523757913546,0.06168523757913546,220302_Poo_TruePooBacteria_Full3,220302,Poo,TruePooBacteria,Full3,134820064,220302,134820064,HILICPos,134820064
5-Hydroxyectoine,Inj_vol,0.06168523757913546,0.06168523757913546,220302_Poo_TruePooBacteria_Half1,220302,Poo,TruePooBacteria,Half1,61705648,220302,61705648,HILICPos,123411296
5-Hydroxyectoine,Inj_vol,0.06168523757913546,0.06168523757913546,220302_Poo_TruePooBacteria_Half2,220302,Poo,TruePooBacteria,Half2,66746144,220302,66746144,HILICPos,133492288
5-Hydroxyectoine,Inj_vol,0.06168523757913546,0.06168523757913546,220302_Poo_TruePooBacteria_Half3,220302,Poo,TruePooBacteria,Half3,72734920,220302,72734920,HILICPos,145469840
5-Hydroxyectoine,Inj_vol,0.06168523757913546,0.06168523757913546,220302_Smp_MQBlk1_A,220302,Smp,MQBlk1,A,1736341,220302,NA,HILICPos,NA
5-Hydroxyectoine,Inj_vol,0.06168523757913546,0.06168523757913546,220302_Smp_MQBlk1_B,220302,Smp,MQBlk1,B,395511,220302,NA,HILICPos,NA
5-Hydroxyectoine,Inj_vol,0.06168523757913546,0.06168523757913546,220302_Smp_MQBlk1_C,220302,Smp,MQBlk1,C,5800130,220302,5800130,HILICPos,5800130
5-Hydroxyectoine,Inj_vol,0.06168523757913546,0.06168523757913546,220302_Smp_MQBlk2_A,220302,Smp,MQBlk2,A,284323,220302,NA,HILICPos,NA
5-Hydroxyectoine,Inj_vol,0.06168523757913546,0.06168523757913546,220302_Smp_MQBlk2_B,220302,Smp,MQBlk2,B,1687521,220302,NA,HILICPos,NA
5-Hydroxyectoine,Inj_vol,0.06168523757913546,0.06168523757913546,220302_Smp_MQBlk2_C,220302,Smp,MQBlk2,C,2424433,220302,NA,HILICPos,NA
5-Hydroxyectoine,Inj_vol,0.06168523757913546,0.06168523757913546,220302_Smp_MQBlk3_A,220302,Smp,MQBlk3,A,112023,220302,NA,HILICPos,NA
5-Hydroxyectoine,Inj_vol,0.06168523757913546,0.06168523757913546,220302_Smp_MQBlk3_B,220302,Smp,MQBlk3,B,2065324,220302,NA,HILICPos,NA
5-Hydroxyectoine,Inj_vol,0.06168523757913546,0.06168523757913546,220302_Smp_MQBlk3_C,220302,Smp,MQBlk3,C,168140,220302,NA,HILICPos,NA
5-Hydroxyectoine,Inj_vol,0.06168523757913546,0.06168523757913546,220302_Smp_SupernatBlk_1,220302,Smp,SupernatBlk,1,1020791,220302,NA,HILICPos,NA
5-Hydroxyectoine,Inj_vol,0.06168523757913546,0.06168523757913546,220302_Smp_SupernatBlk_2,220302,Smp,SupernatBlk,2,1414300,220302,NA,HILICPos,NA
5-Hydroxyectoine,Inj_vol,0.06168523757913546,0.06168523757913546,220302_Smp_SupernatBlk_3,220302,Smp,SupernatBlk,3,581455,220302,NA,HILICPos,NA
5-Hydroxyectoine,Inj_vol,0.06168523757913546,0.06168523757913546,220302_Smp_SWBlk_1,220302,Smp,SWBlk,1,1171085,220302,NA,HILICPos,NA
5-Hydroxyectoine,Inj_vol,0.06168523757913546,0.06168523757913546,220302_Smp_SWBlk_2,220302,Smp,SWBlk,2,624692,220302,NA,HILICPos,NA
5-Hydroxyectoine,Inj_vol,0.06168523757913546,0.06168523757913546,220302_Smp_SWBlk_3,220302,Smp,SWBlk,3,930536,220302,NA,HILICPos,NA
5-Hydroxyectoine,Inj_vol,0.06168523757913546,0.06168523757913546,220302_Smp_OBi1_1,220302,Smp,OBi1,1,270862496,220302,270862496,HILICPos,270862496
5-Hydroxyectoine,Inj_vol,0.06168523757913546,0.06168523757913546,220302_Smp_OBi1_2,220302,Smp,OBi1,2,309235040,220302,309235040,HILICPos,309235040
5-Hydroxyectoine,Inj_vol,0.06168523757913546,0.06168523757913546,220302_Smp_OBi1_3,220302,Smp,OBi1,3,314322368,220302,314322368,HILICPos,314322368
5-Hydroxyectoine,Inj_vol,0.06168523757913546,0.06168523757913546,220302_Smp_OBi1_4,220302,Smp,OBi1,4,361343520,220302,361343520,HILICPos,361343520
5-Hydroxyectoine,Inj_vol,0.06168523757913546,0.06168523757913546,220302_Smp_OBi1_5,220302,Smp,OBi1,5,365248128,220302,365248128,HILICPos,365248128
5-Hydroxyectoine,Inj_vol,0.06168523757913546,0.06168523757913546,220302_Smp_OBi1_6,220302,Smp,OBi1,6,350087360,220302,350087360,HILICPos,350087360
5-Hydroxyectoine,Inj_vol,0.06168523757913546,0.06168523757913546,220302_Smp_OBi1_7,220302,Smp,OBi1,7,289634112,220302,289634112,HILICPos,289634112
5-Hydroxyectoine,Inj_vol,0.06168523757913546,0.06168523757913546,220302_Smp_OBi1_8,220302,Smp,OBi1,8,299466720,220302,299466720,HILICPos,299466720
5-Hydroxyectoine,Inj_vol,0.06168523757913546,0.06168523757913546,220302_Smp_OBi1_9,220302,Smp,OBi1,9,592683520,220302,592683520,HILICPos,592683520
5-Hydroxyectoine,Inj_vol,0.06168523757913546,0.06168523757913546,220302_Smp_OBi1small_1,220302,Smp,OBi1small,1,19121092,220302,19121092,HILICPos,19121092
5-Hydroxyectoine,Inj_vol,0.06168523757913546,0.06168523757913546,220302_Smp_OBi1small_2,220302,Smp,OBi1small,2,39163212,220302,39163212,HILICPos,39163212
5-Hydroxyectoine,Inj_vol,0.06168523757913546,0.06168523757913546,220302_Smp_OBi1small_3,220302,Smp,OBi1small,3,24304094,220302,24304094,HILICPos,24304094
5-Hydroxyectoine,Inj_vol,0.06168523757913546,0.06168523757913546,220302_Smp_OBi1small_4,220302,Smp,OBi1small,4,31514732,220302,31514732,HILICPos,31514732
5-Hydroxyectoine,Inj_vol,0.06168523757913546,0.06168523757913546,220302_Smp_RWi2_1,220302,Smp,RWi2,1,199403,220302,NA,HILICPos,NA
5-Hydroxyectoine,Inj_vol,0.06168523757913546,0.06168523757913546,220302_Smp_RWi2_2,220302,Smp,RWi2,2,637574,220302,NA,HILICPos,NA
5-Hydroxyectoine,Inj_vol,0.06168523757913546,0.06168523757913546,220302_Smp_RWi2_3,220302,Smp,RWi2,3,368529,220302,NA,HILICPos,NA
5-Hydroxyectoine,Inj_vol,0.06168523757913546,0.06168523757913546,220302_Smp_RWi2_4,220302,Smp,RWi2,4,416877,220302,NA,HILICPos,NA
5-Hydroxyectoine,Inj_vol,0.06168523757913546,0.06168523757913546,220302_Smp_RWi2_5,220302,Smp,RWi2,5,2062974,220302,NA,HILICPos,NA
5-Hydroxyectoine,Inj_vol,0.06168523757913546,0.06168523757913546,220302_Smp_RWi2_6,220302,Smp,RWi2,6,2327922,220302,NA,HILICPos,NA
Allantoin,Inj_vol,0.04093333419549419,0.04093333419549419,220302_Poo_TruePooBacteria_Full1,220302,Poo,TruePooBacteria,Full1,142730,220302,142730,HILICNeg,142730
Allantoin,Inj_vol,0.04093333419549419,0.04093333419549419,220302_Poo_TruePooBacteria_Full2,220302,Poo,TruePooBacteria,Full2,NA,220302,NA,HILICNeg,NA
Allantoin,Inj_vol,0.04093333419549419,0.04093333419549419,220302_Poo_TruePooBacteria_Full3,220302,Poo,TruePooBacteria,Full3,134700,220302,134700,HILICNeg,134700
Allantoin,Inj_vol,0.04093333419549419,0.04093333419549419,220302_Poo_TruePooBacteria_Half1,220302,Poo,TruePooBacteria,Half1,NA,220302,NA,HILICNeg,NA
Allantoin,Inj_vol,0.04093333419549419,0.04093333419549419,220302_Poo_TruePooBacteria_Half2,220302,Poo,TruePooBacteria,Half2,NA,220302,NA,HILICNeg,NA
Allantoin,Inj_vol,0.04093333419549419,0.04093333419549419,220302_Poo_TruePooBacteria_Half3,220302,Poo,TruePooBacteria,Half3,NA,220302,NA,HILICNeg,NA
Allantoin,Inj_vol,0.04093333419549419,0.04093333419549419,220302_Smp_MQBlk1_A,220302,Smp,MQBlk1,A,NA,220302,NA,HILICNeg,NA
Allantoin,Inj_vol,0.04093333419549419,0.04093333419549419,220302_Smp_MQBlk1_B,220302,Smp,MQBlk1,B,NA,220302,NA,HILICNeg,NA
Allantoin,Inj_vol,0.04093333419549419,0.04093333419549419,220302_Smp_MQBlk1_C,220302,Smp,MQBlk1,C,NA,220302,NA,HILICNeg,NA
Allantoin,Inj_vol,0.04093333419549419,0.04093333419549419,220302_Smp_MQBlk2_A,220302,Smp,MQBlk2,A,NA,220302,NA,HILICNeg,NA
Allantoin,Inj_vol,0.04093333419549419,0.04093333419549419,220302_Smp_MQBlk2_B,220302,Smp,MQBlk2,B,NA,220302,NA,HILICNeg,NA
Allantoin,Inj_vol,0.04093333419549419,0.04093333419549419,220302_Smp_MQBlk2_C,220302,Smp,MQBlk2,C,NA,220302,NA,HILICNeg,NA
Allantoin,Inj_vol,0.04093333419549419,0.04093333419549419,220302_Smp_MQBlk3_A,220302,Smp,MQBlk3,A,NA,220302,NA,HILICNeg,NA
Allantoin,Inj_vol,0.04093333419549419,0.04093333419549419,220302_Smp_MQBlk3_B,220302,Smp,MQBlk3,B,NA,220302,NA,HILICNeg,NA
Allantoin,Inj_vol,0.04093333419549419,0.04093333419549419,220302_Smp_MQBlk3_C,220302,Smp,MQBlk3,C,NA,220302,NA,HILICNeg,NA
Allantoin,Inj_vol,0.04093333419549419,0.04093333419549419,220302_Smp_SupernatBlk_1,220302,Smp,SupernatBlk,1,NA,220302,NA,HILICNeg,NA
Allantoin,Inj_vol,0.04093333419549419,0.04093333419549419,220302_Smp_SupernatBlk_2,220302,Smp,SupernatBlk,2,NA,220302,NA,HILICNeg,NA
Allantoin,Inj_vol,0.04093333419549419,0.04093333419549419,220302_Smp_SupernatBlk_3,220302,Smp,SupernatBlk,3,NA,220302,NA,HILICNeg,NA
Allantoin,Inj_vol,0.04093333419549419,0.04093333419549419,220302_Smp_SWBlk_1,220302,Smp,SWBlk,1,NA,220302,NA,HILICNeg,NA
Allantoin,Inj_vol,0.04093333419549419,0.04093333419549419,220302_Smp_SWBlk_2,220302,Smp,SWBlk,2,NA,220302,NA,HILICNeg,NA
Allantoin,Inj_vol,0.04093333419549419,0.04093333419549419,220302_Smp_SWBlk_3,220302,Smp,SWBlk,3,41127,220302,41127,HILICNeg,41127
Allantoin,Inj_vol,0.04093333419549419,0.04093333419549419,220302_Smp_OBi1_1,220302,Smp,OBi1,1,NA,220302,NA,HILICNeg,NA
Allantoin,Inj_vol,0.04093333419549419,0.04093333419549419,220302_Smp_OBi1_2,220302,Smp,OBi1,2,NA,220302,NA,HILICNeg,NA
Allantoin,Inj_vol,0.04093333419549419,0.04093333419549419,220302_Smp_OBi1_3,220302,Smp,OBi1,3,NA,220302,NA,HILICNeg,NA
Allantoin,Inj_vol,0.04093333419549419,0.04093333419549419,220302_Smp_OBi1_4,220302,Smp,OBi1,4,75897,220302,75897,HILICNeg,75897
Allantoin,Inj_vol,0.04093333419549419,0.04093333419549419,220302_Smp_OBi1_5,220302,Smp,OBi1,5,NA,220302,NA,HILICNeg,NA
Allantoin,Inj_vol,0.04093333419549419,0.04093333419549419,220302_Smp_OBi1_6,220302,Smp,OBi1,6,NA,220302,NA,HILICNeg,NA
Allantoin,Inj_vol,0.04093333419549419,0.04093333419549419,220302_Smp_OBi1_7,220302,Smp,OBi1,7,NA,220302,NA,HILICNeg,NA
Allantoin,Inj_vol,0.04093333419549419,0.04093333419549419,220302_Smp_OBi1_8,220302,Smp,OBi1,8,NA,220302,NA,HILICNeg,NA
Allantoin,Inj_vol,0.04093333419549419,0.04093333419549419,220302_Smp_OBi1_9,220302,Smp,OBi1,9,NA,220302,NA,HILICNeg,NA
Allantoin,Inj_vol,0.04093333419549419,0.04093333419549419,220302_Smp_OBi1small_1,220302,Smp,OBi1small,1,NA,220302,NA,HILICNeg,NA
Allantoin,Inj_vol,0.04093333419549419,0.04093333419549419,220302_Smp_OBi1small_2,220302,Smp,OBi1small,2,NA,220302,NA,HILICNeg,NA
Allantoin,Inj_vol,0.04093333419549419,0.04093333419549419,220302_Smp_OBi1small_3,220302,Smp,OBi1small,3,NA,220302,NA,HILICNeg,NA
Allantoin,Inj_vol,0.04093333419549419,0.04093333419549419,220302_Smp_OBi1small_4,220302,Smp,OBi1small,4,NA,220302,NA,HILICNeg,NA
Allantoin,Inj_vol,0.04093333419549419,0.04093333419549419,220302_Smp_RWi2_1,220302,Smp,RWi2,1,NA,220302,NA,HILICNeg,NA
Allantoin,Inj_vol,0.04093333419549419,0.04093333419549419,220302_Smp_RWi2_2,220302,Smp,RWi2,2,NA,220302,NA,HILICNeg,NA
Allantoin,Inj_vol,0.04093333419549419,0.04093333419549419,220302_Smp_RWi2_3,220302,Smp,RWi2,3,NA,220302,NA,HILICNeg,NA
Allantoin,Inj_vol,0.04093333419549419,0.04093333419549419,220302_Smp_RWi2_4,220302,Smp,RWi2,4,NA,220302,NA,HILICNeg,NA
Allantoin,Inj_vol,0.04093333419549419,0.04093333419549419,220302_Smp_RWi2_5,220302,Smp,RWi2,5,NA,220302,NA,HILICNeg,NA
Allantoin,Inj_vol,0.04093333419549419,0.04093333419549419,220302_Smp_RWi2_6,220302,Smp,RWi2,6,NA,220302,NA,HILICNeg,NA
Ectoine,Inj_vol,0.058396321597077396,0.058396321597077396,220302_Poo_TruePooBacteria_Full1,220302,Poo,TruePooBacteria,Full1,1942169216,220302,1942169216,HILICPos,1942169216
Ectoine,Inj_vol,0.058396321597077396,0.058396321597077396,220302_Poo_TruePooBacteria_Full2,220302,Poo,TruePooBacteria,Full2,2134831872,220302,2134831872,HILICPos,2134831872
Ectoine,Inj_vol,0.058396321597077396,0.058396321597077396,220302_Poo_TruePooBacteria_Full3,220302,Poo,TruePooBacteria,Full3,1839417600,220302,1839417600,HILICPos,1839417600
Ectoine,Inj_vol,0.058396321597077396,0.058396321597077396,220302_Poo_TruePooBacteria_Half1,220302,Poo,TruePooBacteria,Half1,922113216,220302,922113216,HILICPos,1844226432
Ectoine,Inj_vol,0.058396321597077396,0.058396321597077396,220302_Poo_TruePooBacteria_Half2,220302,Poo,TruePooBacteria,Half2,1014117184,220302,1014117184,HILICPos,2028234368
Ectoine,Inj_vol,0.058396321597077396,0.058396321597077396,220302_Poo_TruePooBacteria_Half3,220302,Poo,TruePooBacteria,Half3,958149824,220302,958149824,HILICPos,1916299648
Ectoine,Inj_vol,0.058396321597077396,0.058396321597077396,220302_Smp_MQBlk1_A,220302,Smp,MQBlk1,A,4807895,220302,NA,HILICPos,NA
Ectoine,Inj_vol,0.058396321597077396,0.058396321597077396,220302_Smp_MQBlk1_B,220302,Smp,MQBlk1,B,2945490,220302,NA,HILICPos,NA
Ectoine,Inj_vol,0.058396321597077396,0.058396321597077396,220302_Smp_MQBlk1_C,220302,Smp,MQBlk1,C,19835418,220302,19835418,HILICPos,19835418
Ectoine,Inj_vol,0.058396321597077396,0.058396321597077396,220302_Smp_MQBlk2_A,220302,Smp,MQBlk2,A,3961887,220302,NA,HILICPos,NA
Ectoine,Inj_vol,0.058396321597077396,0.058396321597077396,220302_Smp_MQBlk2_B,220302,Smp,MQBlk2,B,1148747,220302,NA,HILICPos,NA
Ectoine,Inj_vol,0.058396321597077396,0.058396321597077396,220302_Smp_MQBlk2_C,220302,Smp,MQBlk2,C,3783102,220302,NA,HILICPos,NA
Ectoine,Inj_vol,0.058396321597077396,0.058396321597077396,220302_Smp_MQBlk3_A,220302,Smp,MQBlk3,A,2950888,220302,NA,HILICPos,NA
Ectoine,Inj_vol,0.058396321597077396,0.058396321597077396,220302_Smp_MQBlk3_B,220302,Smp,MQBlk3,B,3839018,220302,NA,HILICPos,NA
Ectoine,Inj_vol,0.058396321597077396,0.058396321597077396,220302_Smp_MQBlk3_C,220302,Smp,MQBlk3,C,2728742,220302,NA,HILICPos,NA
Ectoine,Inj_vol,0.058396321597077396,0.058396321597077396,220302_Smp_SupernatBlk_1,220302,Smp,SupernatBlk,1,3865167,220302,NA,HILICPos,NA
Ectoine,Inj_vol,0.058396321597077396,0.058396321597077396,220302_Smp_SupernatBlk_2,220302,Smp,SupernatBlk,2,2289570,220302,NA,HILICPos,NA
Ectoine,Inj_vol,0.058396321597077396,0.058396321597077396,220302_Smp_SupernatBlk_3,220302,Smp,SupernatBlk,3,1454136,220302,NA,HILICPos,NA
Ectoine,Inj_vol,0.058396321597077396,0.058396321597077396,220302_Smp_SWBlk_1,220302,Smp,SWBlk,1,3949405,220302,NA,HILICPos,NA
Ectoine,Inj_vol,0.058396321597077396,0.058396321597077396,220302_Smp_SWBlk_2,220302,Smp,SWBlk,2,2234185,220302,NA,HILICPos,NA
Ectoine,Inj_vol,0.058396321597077396,0.058396321597077396,220302_Smp_SWBlk_3,220302,Smp,SWBlk,3,1703522,220302,NA,HILICPos,NA
Ectoine,Inj_vol,0.058396321597077396,0.058396321597077396,220302_Smp_OBi1_1,220302,Smp,OBi1,1,4245294080,220302,4245294080,HILICPos,4245294080
Ectoine,Inj_vol,0.058396321597077396,0.058396321597077396,220302_Smp_OBi1_2,220302,Smp,OBi1,2,5377144320,220302,5377144320,HILICPos,5377144320
Ectoine,Inj_vol,0.058396321597077396,0.058396321597077396,220302_Smp_OBi1_3,220302,Smp,OBi1,3,6080292352,220302,6080292352,HILICPos,6080292352
Ectoine,Inj_vol,0.058396321597077396,0.058396321597077396,220302_Smp_OBi1_4,220302,Smp,OBi1,4,1071968320,220302,1071968320,HILICPos,1071968320
Ectoine,Inj_vol,0.058396321597077396,0.058396321597077396,220302_Smp_OBi1_5,220302,Smp,OBi1,5,1031413312,220302,1031413312,HILICPos,1031413312
Ectoine,Inj_vol,0.058396321597077396,0.058396321597077396,220302_Smp_OBi1_6,220302,Smp,OBi1,6,948002752,220302,948002752,HILICPos,948002752
Ectoine,Inj_vol,0.058396321597077396,0.058396321597077396,220302_Smp_OBi1_7,220302,Smp,OBi1,7,2681739776,220302,2681739776,HILICPos,2681739776
Ectoine,Inj_vol,0.058396321597077396,0.058396321597077396,220302_Smp_OBi1_8,220302,Smp,OBi1,8,2393329920,220302,2393329920,HILICPos,2393329920
Ectoine,Inj_vol,0.058396321597077396,0.058396321597077396,220302_Smp_OBi1_9,220302,Smp,OBi1,9,4833483264,220302,4833483264,HILICPos,4833483264
Ectoine,Inj_vol,0.058396321597077396,0.058396321597077396,220302_Smp_OBi1small_1,220302,Smp,OBi1small,1,744246464,220302,744246464,HILICPos,744246464
Ectoine,Inj_vol,0.058396321597077396,0.058396321597077396,220302_Smp_OBi1small_2,220302,Smp,OBi1small,2,1639588096,220302,1639588096,HILICPos,1639588096
Ectoine,Inj_vol,0.058396321597077396,0.058396321597077396,220302_Smp_OBi1small_3,220302,Smp,OBi1small,3,691538560,220302,691538560,HILICPos,691538560
Ectoine,Inj_vol,0.058396321597077396,0.058396321597077396,220302_Smp_OBi1small_4,220302,Smp,OBi1small,4,624080256,220302,624080256,HILICPos,624080256
Ectoine,Inj_vol,0.058396321597077396,0.058396321597077396,220302_Smp_RWi2_1,220302,Smp,RWi2,1,98032400,220302,98032400,HILICPos,98032400
Ectoine,Inj_vol,0.058396321597077396,0.058396321597077396,220302_Smp_RWi2_2,220302,Smp,RWi2,2,159522400,220302,159522400,HILICPos,159522400
Ectoine,Inj_vol,0.058396321597077396,0.058396321597077396,220302_Smp_RWi2_3,220302,Smp,RWi2,3,19863102,220302,19863102,HILICPos,19863102
Ectoine,Inj_vol,0.058396321597077396,0.058396321597077396,220302_Smp_RWi2_4,220302,Smp,RWi2,4,19524322,220302,19524322,HILICPos,19524322
Ectoine,Inj_vol,0.058396321597077396,0.058396321597077396,220302_Smp_RWi2_5,220302,Smp,RWi2,5,8559869440,220302,8559869440,HILICPos,8559869440
Ectoine,Inj_vol,0.058396321597077396,0.058396321597077396,220302_Smp_RWi2_6,220302,Smp,RWi2,6,8853207040,220302,8853207040,HILICPos,8853207040
"GMP, 15N5","Homarine, 2H3",0.5333924853012892,0.2876655453603695,220302_Poo_TruePooBacteria_Full1,220302,Poo,TruePooBacteria,Full1,NA,220302,NA,HILICNeg,NA
"GMP, 15N5","Homarine, 2H3",0.5333924853012892,0.2876655453603695,220302_Poo_TruePooBacteria_Full2,220302,Poo,TruePooBacteria,Full2,101873,220302,101873,HILICNeg,470322.5343401712
"GMP, 15N5","Homarine, 2H3",0.5333924853012892,0.2876655453603695,220302_Poo_TruePooBacteria_Full3,220302,Poo,TruePooBacteria,Full3,NA,220302,NA,HILICNeg,NA
"GMP, 15N5","Homarine, 2H3",0.5333924853012892,0.2876655453603695,220302_Poo_TruePooBacteria_Half1,220302,Poo,TruePooBacteria,Half1,NA,220302,NA,HILICNeg,NA
"GMP, 15N5","Homarine, 2H3",0.5333924853012892,0.2876655453603695,220302_Poo_TruePooBacteria_Half2,220302,Poo,TruePooBacteria,Half2,112627,220302,112627,HILICNeg,710517.5127930215
"GMP, 15N5","Homarine, 2H3",0.5333924853012892,0.2876655453603695,220302_Poo_TruePooBacteria_Half3,220302,Poo,TruePooBacteria,Half3,NA,220302,NA,HILICNeg,NA
"GMP, 15N5","Homarine, 2H3",0.5333924853012892,0.2876655453603695,220302_Smp_MQBlk1_A,220302,Smp,MQBlk1,A,NA,220302,NA,HILICNeg,NA
"GMP, 15N5","Homarine, 2H3",0.5333924853012892,0.2876655453603695,220302_Smp_MQBlk1_B,220302,Smp,MQBlk1,B,NA,220302,NA,HILICNeg,NA
"GMP, 15N5","Homarine, 2H3",0.5333924853012892,0.2876655453603695,220302_Smp_MQBlk1_C,220302,Smp,MQBlk1,C,NA,220302,NA,HILICNeg,NA
"GMP, 15N5","Homarine, 2H3",0.5333924853012892,0.2876655453603695,220302_Smp_MQBlk2_A,220302,Smp,MQBlk2,A,NA,220302,NA,HILICNeg,NA
"GMP, 15N5","Homarine, 2H3",0.5333924853012892,0.2876655453603695,220302_Smp_MQBlk2_B,220302,Smp,MQBlk2,B,NA,220302,NA,HILICNeg,NA
"GMP, 15N5","Homarine, 2H3",0.5333924853012892,0.2876655453603695,220302_Smp_MQBlk2_C,220302,Smp,MQBlk2,C,NA,220302,NA,HILICNeg,NA
"GMP, 15N5","Homarine, 2H3",0.5333924853012892,0.2876655453603695,220302_Smp_MQBlk3_A,220302,Smp,MQBlk3,A,NA,220302,NA,HILICNeg,NA
"GMP, 15N5","Homarine, 2H3",0.5333924853012892,0.2876655453603695,220302_Smp_MQBlk3_B,220302,Smp,MQBlk3,B,NA,220302,NA,HILICNeg,NA
"GMP, 15N5","Homarine, 2H3",0.5333924853012892,0.2876655453603695,220302_Smp_MQBlk3_C,220302,Smp,MQBlk3,C,NA,220302,NA,HILICNeg,NA
"GMP, 15N5","Homarine, 2H3",0.5333924853012892,0.2876655453603695,220302_Smp_SupernatBlk_1,220302,Smp,SupernatBlk,1,82811,220302,82811,HILICNeg,58065.51759726488
"GMP, 15N5","Homarine, 2H3",0.5333924853012892,0.2876655453603695,220302_Smp_SupernatBlk_2,220302,Smp,SupernatBlk,2,NA,220302,NA,HILICNeg,NA
"GMP, 15N5","Homarine, 2H3",0.5333924853012892,0.2876655453603695,220302_Smp_SupernatBlk_3,220302,Smp,SupernatBlk,3,NA,220302,NA,HILICNeg,NA
"GMP, 15N5","Homarine, 2H3",0.5333924853012892,0.2876655453603695,220302_Smp_SWBlk_1,220302,Smp,SWBlk,1,NA,220302,NA,HILICNeg,NA
"GMP, 15N5","Homarine, 2H3",0.5333924853012892,0.2876655453603695,220302_Smp_SWBlk_2,220302,Smp,SWBlk,2,NA,220302,NA,HILICNeg,NA
"GMP, 15N5","Homarine, 2H3",0.5333924853012892,0.2876655453603695,220302_Smp_SWBlk_3,220302,Smp,SWBlk,3,NA,220302,NA,HILICNeg,NA
"GMP, 15N5","Homarine, 2H3",0.5333924853012892,0.2876655453603695,220302_Smp_OBi1_1,220302,Smp,OBi1,1,67937,220302,67937,HILICNeg,41078.245799457676
"GMP, 15N5","Homarine, 2H3",0.5333924853012892,0.2876655453603695,220302_Smp_OBi1_2,220302,Smp,OBi1,2,NA,220302,NA,HILICNeg,NA
"GMP, 15N5","Homarine, 2H3",0.5333924853012892,0.2876655453603695,220302_Smp_OBi1_3,220302,Smp,OBi1,3,NA,220302,NA,HILICNeg,NA
"GMP, 15N5","Homarine, 2H3",0.5333924853012892,0.2876655453603695,220302_Smp_OBi1_4,220302,Smp,OBi1,4,NA,220302,NA,HILICNeg,NA
"GMP, 15N5","Homarine, 2H3",0.5333924853012892,0.2876655453603695,220302_Smp_OBi1_5,220302,Smp,OBi1,5,NA,220302,NA,HILICNeg,NA
"GMP, 15N5","Homarine, 2H3",0.5333924853012892,0.2876655453603695,220302_Smp_OBi1_6,220302,Smp,OBi1,6,NA,220302,NA,HILICNeg,NA
"GMP, 15N5","Homarine, 2H3",0.5333924853012892,0.2876655453603695,220302_Smp_OBi1_7,220302,Smp,OBi1,7,94415,220302,94415,HILICNeg,116386.25099896481
"GMP, 15N5","Homarine, 2H3",0.5333924853012892,0.2876655453603695,220302_Smp_OBi1_8,220302,Smp,OBi1,8,NA,220302,NA,HILICNeg,NA
"GMP, 15N5","Homarine, 2H3",0.5333924853012892,0.2876655453603695,220302_Smp_OBi1_9,220302,Smp,OBi1,9,NA,220302,NA,HILICNeg,NA
"GMP, 15N5","Homarine, 2H3",0.5333924853012892,0.2876655453603695,220302_Smp_OBi1small_1,220302,Smp,OBi1small,1,NA,220302,NA,HILICNeg,NA
"GMP, 15N5","Homarine, 2H3",0.5333924853012892,0.2876655453603695,220302_Smp_OBi1small_2,220302,Smp,OBi1small,2,NA,220302,NA,HILICNeg,NA
"GMP, 15N5","Homarine, 2H3",0.5333924853012892,0.2876655453603695,220302_Smp_OBi1small_3,220302,Smp,OBi1small,3,NA,220302,NA,HILICNeg,NA
"GMP, 15N5","Homarine, 2H3",0.5333924853012892,0.2876655453603695,220302_Smp_OBi1small_4,220302,Smp,OBi1small,4,NA,220302,NA,HILICNeg,NA
"GMP, 15N5","Homarine, 2H3",0.5333924853012892,0.2876655453603695,220302_Smp_RWi2_1,220302,Smp,RWi2,1,NA,220302,NA,HILICNeg,NA
"GMP, 15N5","Homarine, 2H3",0.5333924853012892,0.2876655453603695,220302_Smp_RWi2_2,220302,Smp,RWi2,2,NA,220302,NA,HILICNeg,NA
"GMP, 15N5","Homarine, 2H3",0.5333924853012892,0.2876655453603695,220302_Smp_RWi2_3,220302,Smp,RWi2,3,NA,220302,NA,HILICNeg,NA
"GMP, 15N5","Homarine, 2H3",0.5333924853012892,0.2876655453603695,220302_Smp_RWi2_4,220302,Smp,RWi2,4,81873,220302,NA,HILICNeg,NA
"GMP, 15N5","Homarine, 2H3",0.5333924853012892,0.2876655453603695,220302_Smp_RWi2_5,220302,Smp,RWi2,5,NA,220302,NA,HILICNeg,NA
"GMP, 15N5","Homarine, 2H3",0.5333924853012892,0.2876655453603695,220302_Smp_RWi2_6,220302,Smp,RWi2,6,NA,220302,NA,HILICNeg,NA
Homarine,"Homarine, 2H3",0.22960885383470442,0.039037168521168106,220302_Poo_TruePooBacteria_Full1,220302,Poo,TruePooBacteria,Full1,269634437120,220302,269634437120,HILICPos,1302681386203.5193
Homarine,"Homarine, 2H3",0.22960885383470442,0.039037168521168106,220302_Poo_TruePooBacteria_Full2,220302,Poo,TruePooBacteria,Full2,263740047360,220302,263740047360,HILICPos,1217622799773.7573
Homarine,"Homarine, 2H3",0.22960885383470442,0.039037168521168106,220302_Poo_TruePooBacteria_Full3,220302,Poo,TruePooBacteria,Full3,250464845824,220302,250464845824,HILICPos,1296986333480.5557
Homarine,"Homarine, 2H3",0.22960885383470442,0.039037168521168106,220302_Poo_TruePooBacteria_Half1,220302,Poo,TruePooBacteria,Half1,204820168704,220302,204820168704,HILICPos,1372536053111.2434
Homarine,"Homarine, 2H3",0.22960885383470442,0.039037168521168106,220302_Poo_TruePooBacteria_Half2,220302,Poo,TruePooBacteria,Half2,201605906432,220302,201605906432,HILICPos,1271848910140.9722
Homarine,"Homarine, 2H3",0.22960885383470442,0.039037168521168106,220302_Poo_TruePooBacteria_Half3,220302,Poo,TruePooBacteria,Half3,190339383296,220302,190339383296,HILICPos,1308433716181.3215
Homarine,"Homarine, 2H3",0.22960885383470442,0.039037168521168106,220302_Smp_MQBlk1_A,220302,Smp,MQBlk1,A,10526983,220302,NA,HILICPos,NA
Homarine,"Homarine, 2H3",0.22960885383470442,0.039037168521168106,220302_Smp_MQBlk1_B,220302,Smp,MQBlk1,B,18155762,220302,NA,HILICPos,NA
Homarine,"Homarine, 2H3",0.22960885383470442,0.039037168521168106,220302_Smp_MQBlk1_C,220302,Smp,MQBlk1,C,80160592,220302,NA,HILICPos,NA
Homarine,"Homarine, 2H3",0.22960885383470442,0.039037168521168106,220302_Smp_MQBlk2_A,220302,Smp,MQBlk2,A,181098672,220302,NA,HILICPos,NA
Homarine,"Homarine, 2H3",0.22960885383470442,0.039037168521168106,220302_Smp_MQBlk2_B,220302,Smp,MQBlk2,B,50550240,220302,NA,HILICPos,NA
Homarine,"Homarine, 2H3",0.22960885383470442,0.039037168521168106,220302_Smp_MQBlk2_C,220302,Smp,MQBlk2,C,112450576,220302,NA,HILICPos,NA
Homarine,"Homarine, 2H3",0.22960885383470442,0.039037168521168106,220302_Smp_MQBlk3_A,220302,Smp,MQBlk3,A,29157956,220302,NA,HILICPos,NA
Homarine,"Homarine, 2H3",0.22960885383470442,0.039037168521168106,220302_Smp_MQBlk3_B,220302,Smp,MQBlk3,B,67647600,220302,NA,HILICPos,NA
Homarine,"Homarine, 2H3",0.22960885383470442,0.039037168521168106,220302_Smp_MQBlk3_C,220302,Smp,MQBlk3,C,12568212,220302,NA,HILICPos,NA
Homarine,"Homarine, 2H3",0.22960885383470442,0.039037168521168106,220302_Smp_SupernatBlk_1,220302,Smp,SupernatBlk,1,134491680,220302,NA,HILICPos,NA
Homarine,"Homarine, 2H3",0.22960885383470442,0.039037168521168106,220302_Smp_SupernatBlk_2,220302,Smp,SupernatBlk,2,504169280,220302,504169280,HILICPos,294374490.0768889
Homarine,"Homarine, 2H3",0.22960885383470442,0.039037168521168106,220302_Smp_SupernatBlk_3,220302,Smp,SupernatBlk,3,364028416,220302,364028416,HILICPos,203204515.1645917
Homarine,"Homarine, 2H3",0.22960885383470442,0.039037168521168106,220302_Smp_SWBlk_1,220302,Smp,SWBlk,1,70874568,220302,NA,HILICPos,NA
Homarine,"Homarine, 2H3",0.22960885383470442,0.039037168521168106,220302_Smp_SWBlk_2,220302,Smp,SWBlk,2,84745424,220302,NA,HILICPos,NA
Homarine,"Homarine, 2H3",0.22960885383470442,0.039037168521168106,220302_Smp_SWBlk_3,220302,Smp,SWBlk,3,4848860,220302,NA,HILICPos,NA
Homarine,"Homarine, 2H3",0.22960885383470442,0.039037168521168106,220302_Smp_OBi1_1,220302,Smp,OBi1,1,280296160,220302,NA,HILICPos,NA
Homarine,"Homarine, 2H3",0.22960885383470442,0.039037168521168106,220302_Smp_OBi1_2,220302,Smp,OBi1,2,82389576,220302,NA,HILICPos,NA
Homarine,"Homarine, 2H3",0.22960885383470442,0.039037168521168106,220302_Smp_OBi1_3,220302,Smp,OBi1,3,17276046,220302,NA,HILICPos,NA
Homarine,"Homarine, 2H3",0.22960885383470442,0.039037168521168106,220302_Smp_OBi1_4,220302,Smp,OBi1,4,350166450176,220302,350166450176,HILICPos,2992577084183.031
Homarine,"Homarine, 2H3",0.22960885383470442,0.039037168521168106,220302_Smp_OBi1_5,220302,Smp,OBi1,5,389612371968,220302,389612371968,HILICPos,2980720975788.667
Homarine,"Homarine, 2H3",0.22960885383470442,0.039037168521168106,220302_Smp_OBi1_6,220302,Smp,OBi1,6,367429877760,220302,367429877760,HILICPos,2825717994149.5864
Homarine,"Homarine, 2H3",0.22960885383470442,0.039037168521168106,220302_Smp_OBi1_7,220302,Smp,OBi1,7,104386265088,220302,104386265088,HILICPos,128677922463.3421
Homarine,"Homarine, 2H3",0.22960885383470442,0.039037168521168106,220302_Smp_OBi1_8,220302,Smp,OBi1,8,97437097984,220302,97437097984,HILICPos,103011209188.52997
Homarine,"Homarine, 2H3",0.22960885383470442,0.039037168521168106,220302_Smp_OBi1_9,220302,Smp,OBi1,9,81704943616,220302,81704943616,HILICPos,95599318218.41153
Homarine,"Homarine, 2H3",0.22960885383470442,0.039037168521168106,220302_Smp_OBi1small_1,220302,Smp,OBi1small,1,129334336,220302,NA,HILICPos,NA
Homarine,"Homarine, 2H3",0.22960885383470442,0.039037168521168106,220302_Smp_OBi1small_2,220302,Smp,OBi1small,2,461384704,220302,461384704,HILICPos,275941216.65458065
Homarine,"Homarine, 2H3",0.22960885383470442,0.039037168521168106,220302_Smp_OBi1small_3,220302,Smp,OBi1small,3,377310248960,220302,377310248960,HILICPos,4248856597080.648
Homarine,"Homarine, 2H3",0.22960885383470442,0.039037168521168106,220302_Smp_OBi1small_4,220302,Smp,OBi1small,4,502020505600,220302,502020505600,HILICPos,4178088813497.3247
Homarine,"Homarine, 2H3",0.22960885383470442,0.039037168521168106,220302_Smp_RWi2_1,220302,Smp,RWi2,1,8759783,220302,NA,HILICPos,NA
Homarine,"Homarine, 2H3",0.22960885383470442,0.039037168521168106,220302_Smp_RWi2_2,220302,Smp,RWi2,2,51784940,220302,NA,HILICPos,NA
Homarine,"Homarine, 2H3",0.22960885383470442,0.039037168521168106,220302_Smp_RWi2_3,220302,Smp,RWi2,3,467667386368,220302,467667386368,HILICPos,4747815016353.549
Homarine,"Homarine, 2H3",0.22960885383470442,0.039037168521168106,220302_Smp_RWi2_4,220302,Smp,RWi2,4,503336894464,220302,503336894464,HILICPos,5193865288306.186
Homarine,"Homarine, 2H3",0.22960885383470442,0.039037168521168106,220302_Smp_RWi2_5,220302,Smp,RWi2,5,155787968512,220302,155787968512,HILICPos,289653185120.4715
Homarine,"Homarine, 2H3",0.22960885383470442,0.039037168521168106,220302_Smp_RWi2_6,220302,Smp,RWi2,6,149517729792,220302,149517729792,HILICPos,258441937703.2624
Hydroxyproline,Inj_vol,0.07322257067801007,0.07322257067801007,220302_Poo_TruePooBacteria_Full1,220302,Poo,TruePooBacteria,Full1,698419,220302,NA,HILICPos,NA
Hydroxyproline,Inj_vol,0.07322257067801007,0.07322257067801007,220302_Poo_TruePooBacteria_Full2,220302,Poo,TruePooBacteria,Full2,1394741,220302,1394741,HILICPos,1394741
Hydroxyproline,Inj_vol,0.07322257067801007,0.07322257067801007,220302_Poo_TruePooBacteria_Full3,220302,Poo,TruePooBacteria,Full3,1547056,220302,1547056,HILICPos,1547056
Hydroxyproline,Inj_vol,0.07322257067801007,0.07322257067801007,220302_Poo_TruePooBacteria_Half1,220302,Poo,TruePooBacteria,Half1,407550,220302,NA,HILICPos,NA
Hydroxyproline,Inj_vol,0.07322257067801007,0.07322257067801007,220302_Poo_TruePooBacteria_Half2,220302,Poo,TruePooBacteria,Half2,502656,220302,NA,HILICPos,NA
Hydroxyproline,Inj_vol,0.07322257067801007,0.07322257067801007,220302_Poo_TruePooBacteria_Half3,220302,Poo,TruePooBacteria,Half3,1123014,220302,NA,HILICPos,NA
Hydroxyproline,Inj_vol,0.07322257067801007,0.07322257067801007,220302_Smp_MQBlk1_A,220302,Smp,MQBlk1,A,286071,220302,NA,HILICPos,NA
Hydroxyproline,Inj_vol,0.07322257067801007,0.07322257067801007,220302_Smp_MQBlk1_B,220302,Smp,MQBlk1,B,168760,220302,NA,HILICPos,NA
Hydroxyproline,Inj_vol,0.07322257067801007,0.07322257067801007,220302_Smp_MQBlk1_C,220302,Smp,MQBlk1,C,461463,220302,NA,HILICPos,NA
Hydroxyproline,Inj_vol,0.07322257067801007,0.07322257067801007,220302_Smp_MQBlk2_A,220302,Smp,MQBlk2,A,250401,220302,NA,HILICPos,NA
Hydroxyproline,Inj_vol,0.07322257067801007,0.07322257067801007,220302_Smp_MQBlk2_B,220302,Smp,MQBlk2,B,368191,220302,NA,HILICPos,NA
Hydroxyproline,Inj_vol,0.07322257067801007,0.07322257067801007,220302_Smp_MQBlk2_C,220302,Smp,MQBlk2,C,507922,220302,NA,HILICPos,NA
Hydroxyproline,Inj_vol,0.07322257067801007,0.07322257067801007,220302_Smp_MQBlk3_A,220302,Smp,MQBlk3,A,526781,220302,NA,HILICPos,NA
Hydroxyproline,Inj_vol,0.07322257067801007,0.07322257067801007,220302_Smp_MQBlk3_B,220302,Smp,MQBlk3,B,670397,220302,NA,HILICPos,NA
Hydroxyproline,Inj_vol,0.07322257067801007,0.07322257067801007,220302_Smp_MQBlk3_C,220302,Smp,MQBlk3,C,324932,220302,NA,HILICPos,NA
Hydroxyproline,Inj_vol,0.07322257067801007,0.07322257067801007,220302_Smp_SupernatBlk_1,220302,Smp,SupernatBlk,1,324210,220302,NA,HILICPos,NA
Hydroxyproline,Inj_vol,0.07322257067801007,0.07322257067801007,220302_Smp_SupernatBlk_2,220302,Smp,SupernatBlk,2,514173,220302,NA,HILICPos,NA
Hydroxyproline,Inj_vol,0.07322257067801007,0.07322257067801007,220302_Smp_SupernatBlk_3,220302,Smp,SupernatBlk,3,357628,220302,NA,HILICPos,NA
Hydroxyproline,Inj_vol,0.07322257067801007,0.07322257067801007,220302_Smp_SWBlk_1,220302,Smp,SWBlk,1,286429,220302,NA,HILICPos,NA
Hydroxyproline,Inj_vol,0.07322257067801007,0.07322257067801007,220302_Smp_SWBlk_2,220302,Smp,SWBlk,2,646305,220302,NA,HILICPos,NA
Hydroxyproline,Inj_vol,0.07322257067801007,0.07322257067801007,220302_Smp_SWBlk_3,220302,Smp,SWBlk,3,231993,220302,NA,HILICPos,NA
Hydroxyproline,Inj_vol,0.07322257067801007,0.07322257067801007,220302_Smp_OBi1_1,220302,Smp,OBi1,1,1903279,220302,1903279,HILICPos,1903279
Hydroxyproline,Inj_vol,0.07322257067801007,0.07322257067801007,220302_Smp_OBi1_2,220302,Smp,OBi1,2,1462099,220302,1462099,HILICPos,1462099
Hydroxyproline,Inj_vol,0.07322257067801007,0.07322257067801007,220302_Smp_OBi1_3,220302,Smp,OBi1,3,2018273,220302,2018273,HILICPos,2018273
Hydroxyproline,Inj_vol,0.07322257067801007,0.07322257067801007,220302_Smp_OBi1_4,220302,Smp,OBi1,4,2693833,220302,2693833,HILICPos,2693833
Hydroxyproline,Inj_vol,0.07322257067801007,0.07322257067801007,220302_Smp_OBi1_5,220302,Smp,OBi1,5,1104826,220302,NA,HILICPos,NA
Hydroxyproline,Inj_vol,0.07322257067801007,0.07322257067801007,220302_Smp_OBi1_6,220302,Smp,OBi1,6,1335685,220302,1335685,HILICPos,1335685
Hydroxyproline,Inj_vol,0.07322257067801007,0.07322257067801007,220302_Smp_OBi1_7,220302,Smp,OBi1,7,1430083,220302,1430083,HILICPos,1430083
Hydroxyproline,Inj_vol,0.07322257067801007,0.07322257067801007,220302_Smp_OBi1_8,220302,Smp,OBi1,8,1793185,220302,1793185,HILICPos,1793185
Hydroxyproline,Inj_vol,0.07322257067801007,0.07322257067801007,220302_Smp_OBi1_9,220302,Smp,OBi1,9,1851489,220302,1851489,HILICPos,1851489
Hydroxyproline,Inj_vol,0.07322257067801007,0.07322257067801007,220302_Smp_OBi1small_1,220302,Smp,OBi1small,1,519203,220302,NA,HILICPos,NA
Hydroxyproline,Inj_vol,0.07322257067801007,0.07322257067801007,220302_Smp_OBi1small_2,220302,Smp,OBi1small,2,1082025,220302,NA,HILICPos,NA
Hydroxyproline,Inj_vol,0.07322257067801007,0.07322257067801007,220302_Smp_OBi1small_3,220302,Smp,OBi1small,3,666926,220302,NA,HILICPos,NA
Hydroxyproline,Inj_vol,0.07322257067801007,0.07322257067801007,220302_Smp_OBi1small_4,220302,Smp,OBi1small,4,1877699,220302,1877699,HILICPos,1877699
Hydroxyproline,Inj_vol,0.07322257067801007,0.07322257067801007,220302_Smp_RWi2_1,220302,Smp,RWi2,1,147745,220302,NA,HILICPos,NA
Hydroxyproline,Inj_vol,0.07322257067801007,0.07322257067801007,220302_Smp_RWi2_2,220302,Smp,RWi2,2,196004,220302,NA,HILICPos,NA
Hydroxyproline,Inj_vol,0.07322257067801007,0.07322257067801007,220302_Smp_RWi2_3,220302,Smp,RWi2,3,313912,220302,NA,HILICPos,NA
Hydroxyproline,Inj_vol,0.07322257067801007,0.07322257067801007,220302_Smp_RWi2_4,220302,Smp,RWi2,4,367981,220302,NA,HILICPos,NA
Hydroxyproline,Inj_vol,0.07322257067801007,0.07322257067801007,220302_Smp_RWi2_5,220302,Smp,RWi2,5,635353,220302,NA,HILICPos,NA
Hydroxyproline,Inj_vol,0.07322257067801007,0.07322257067801007,220302_Smp_RWi2_6,220302,Smp,RWi2,6,398334,220302,NA,HILICPos,NA
Hypoxanthine,"AMP, 15N5",0.2790836436959591,0.21403880746002535,220302_Poo_TruePooBacteria_Full1,220302,Poo,TruePooBacteria,Full1,6770574,220302,6770574,HILICPos,8059513.153243573
Hypoxanthine,"AMP, 15N5",0.2790836436959591,0.21403880746002535,220302_Poo_TruePooBacteria_Full2,220302,Poo,TruePooBacteria,Full2,8648811,220302,8648811,HILICPos,9102616.23440829
Hypoxanthine,"AMP, 15N5",0.2790836436959591,0.21403880746002535,220302_Poo_TruePooBacteria_Full3,220302,Poo,TruePooBacteria,Full3,13347440,220302,13347440,HILICPos,10882097.599806525
Hypoxanthine,"AMP, 15N5",0.2790836436959591,0.21403880746002535,220302_Poo_TruePooBacteria_Half1,220302,Poo,TruePooBacteria,Half1,5639862,220302,5639862,HILICPos,12304446.709706914
Hypoxanthine,"AMP, 15N5",0.2790836436959591,0.21403880746002535,220302_Poo_TruePooBacteria_Half2,220302,Poo,TruePooBacteria,Half2,7557606,220302,7557606,HILICPos,14740399.721222553
Hypoxanthine,"AMP, 15N5",0.2790836436959591,0.21403880746002535,220302_Poo_TruePooBacteria_Half3,220302,Poo,TruePooBacteria,Half3,6748196,220302,6748196,HILICPos,11236737.062421259
Hypoxanthine,"AMP, 15N5",0.2790836436959591,0.21403880746002535,220302_Smp_MQBlk1_A,220302,Smp,MQBlk1,A,274410,220302,NA,HILICPos,NA
Hypoxanthine,"AMP, 15N5",0.2790836436959591,0.21403880746002535,220302_Smp_MQBlk1_B,220302,Smp,MQBlk1,B,38300,220302,NA,HILICPos,NA
Hypoxanthine,"AMP, 15N5",0.2790836436959591,0.21403880746002535,220302_Smp_MQBlk1_C,220302,Smp,MQBlk1,C,412124,220302,NA,HILICPos,NA
Hypoxanthine,"AMP, 15N5",0.2790836436959591,0.21403880746002535,220302_Smp_MQBlk2_A,220302,Smp,MQBlk2,A,803480,220302,NA,HILICPos,NA
Hypoxanthine,"AMP, 15N5",0.2790836436959591,0.21403880746002535,220302_Smp_MQBlk2_B,220302,Smp,MQBlk2,B,312509,220302,NA,HILICPos,NA
Hypoxanthine,"AMP, 15N5",0.2790836436959591,0.21403880746002535,220302_Smp_MQBlk2_C,220302,Smp,MQBlk2,C,431145,220302,NA,HILICPos,NA
Hypoxanthine,"AMP, 15N5",0.2790836436959591,0.21403880746002535,220302_Smp_MQBlk3_A,220302,Smp,MQBlk3,A,91982,220302,NA,HILICPos,NA
Hypoxanthine,"AMP, 15N5",0.2790836436959591,0.21403880746002535,220302_Smp_MQBlk3_B,220302,Smp,MQBlk3,B,134922,220302,NA,HILICPos,NA
Hypoxanthine,"AMP, 15N5",0.2790836436959591,0.21403880746002535,220302_Smp_MQBlk3_C,220302,Smp,MQBlk3,C,140108,220302,NA,HILICPos,NA
Hypoxanthine,"AMP, 15N5",0.2790836436959591,0.21403880746002535,220302_Smp_SupernatBlk_1,220302,Smp,SupernatBlk,1,0,220302,NA,HILICPos,NA
Hypoxanthine,"AMP, 15N5",0.2790836436959591,0.21403880746002535,220302_Smp_SupernatBlk_2,220302,Smp,SupernatBlk,2,324747,220302,NA,HILICPos,NA
Hypoxanthine,"AMP, 15N5",0.2790836436959591,0.21403880746002535,220302_Smp_SupernatBlk_3,220302,Smp,SupernatBlk,3,0,220302,NA,HILICPos,NA
Hypoxanthine,"AMP, 15N5",0.2790836436959591,0.21403880746002535,220302_Smp_SWBlk_1,220302,Smp,SWBlk,1,223476,220302,NA,HILICPos,NA
Hypoxanthine,"AMP, 15N5",0.2790836436959591,0.21403880746002535,220302_Smp_SWBlk_2,220302,Smp,SWBlk,2,536812,220302,NA,HILICPos,NA
Hypoxanthine,"AMP, 15N5",0.2790836436959591,0.21403880746002535,220302_Smp_SWBlk_3,220302,Smp,SWBlk,3,63805,220302,NA,HILICPos,NA
Hypoxanthine,"AMP, 15N5",0.2790836436959591,0.21403880746002535,220302_Smp_OBi1_1,220302,Smp,OBi1,1,106244,220302,NA,HILICPos,NA
Hypoxanthine,"AMP, 15N5",0.2790836436959591,0.21403880746002535,220302_Smp_OBi1_2,220302,Smp,OBi1,2,269826,220302,NA,HILICPos,NA
Hypoxanthine,"AMP, 15N5",0.2790836436959591,0.21403880746002535,220302_Smp_OBi1_3,220302,Smp,OBi1,3,167317,220302,NA,HILICPos,NA
Hypoxanthine,"AMP, 15N5",0.2790836436959591,0.21403880746002535,220302_Smp_OBi1_4,220302,Smp,OBi1,4,10117922,220302,10117922,HILICPos,16160859.305065814
Hypoxanthine,"AMP, 15N5",0.2790836436959591,0.21403880746002535,220302_Smp_OBi1_5,220302,Smp,OBi1,5,17540534,220302,17540534,HILICPos,24261859.023021102
Hypoxanthine,"AMP, 15N5",0.2790836436959591,0.21403880746002535,220302_Smp_OBi1_6,220302,Smp,OBi1,6,10913263,220302,10913263,HILICPos,10428042.98739135
Hypoxanthine,"AMP, 15N5",0.2790836436959591,0.21403880746002535,220302_Smp_OBi1_7,220302,Smp,OBi1,7,6970765,220302,6970765,HILICPos,5610243.51461517
Hypoxanthine,"AMP, 15N5",0.2790836436959591,0.21403880746002535,220302_Smp_OBi1_8,220302,Smp,OBi1,8,6343781,220302,6343781,HILICPos,7534720.931396281
Hypoxanthine,"AMP, 15N5",0.2790836436959591,0.21403880746002535,220302_Smp_OBi1_9,220302,Smp,OBi1,9,3889731,220302,3889731,HILICPos,2899486.5689438824
Hypoxanthine,"AMP, 15N5",0.2790836436959591,0.21403880746002535,220302_Smp_OBi1small_1,220302,Smp,OBi1small,1,290669,220302,NA,HILICPos,NA
Hypoxanthine,"AMP, 15N5",0.2790836436959591,0.21403880746002535,220302_Smp_OBi1small_2,220302,Smp,OBi1small,2,765019,220302,NA,HILICPos,NA
Hypoxanthine,"AMP, 15N5",0.2790836436959591,0.21403880746002535,220302_Smp_OBi1small_3,220302,Smp,OBi1small,3,10387459,220302,10387459,HILICPos,13838451.823643725
Hypoxanthine,"AMP, 15N5",0.2790836436959591,0.21403880746002535,220302_Smp_OBi1small_4,220302,Smp,OBi1small,4,17236932,220302,17236932,HILICPos,14156711.24374896
Hypoxanthine,"AMP, 15N5",0.2790836436959591,0.21403880746002535,220302_Smp_RWi2_1,220302,Smp,RWi2,1,19466,220302,NA,HILICPos,NA
Hypoxanthine,"AMP, 15N5",0.2790836436959591,0.21403880746002535,220302_Smp_RWi2_2,220302,Smp,RWi2,2,72868,220302,NA,HILICPos,NA
Hypoxanthine,"AMP, 15N5",0.2790836436959591,0.21403880746002535,220302_Smp_RWi2_3,220302,Smp,RWi2,3,22453332,220302,22453332,HILICPos,19632376.913241863
Hypoxanthine,"AMP, 15N5",0.2790836436959591,0.21403880746002535,220302_Smp_RWi2_4,220302,Smp,RWi2,4,18430680,220302,18430680,HILICPos,17094473.910665877
Hypoxanthine,"AMP, 15N5",0.2790836436959591,0.21403880746002535,220302_Smp_RWi2_5,220302,Smp,RWi2,5,4668347,220302,4668347,HILICPos,6061639.152298328
Hypoxanthine,"AMP, 15N5",0.2790836436959591,0.21403880746002535,220302_Smp_RWi2_6,220302,Smp,RWi2,6,2198090,220302,2198090,HILICPos,2278665.370660592
L-Glutamic acid,"L-Cysteic acid, 2H3",0.4812662776461013,0.08582688498686014,220302_Poo_TruePooBacteria_Full1,220302,Poo,TruePooBacteria,Full1,61627968,220302,61627968,HILICPos,89356006.47618996
L-Glutamic acid,"L-Cysteic acid, 2H3",0.4812662776461013,0.08582688498686014,220302_Poo_TruePooBacteria_Full2,220302,Poo,TruePooBacteria,Full2,78270368,220302,78270368,HILICPos,106787810.04349117
L-Glutamic acid,"L-Cysteic acid, 2H3",0.4812662776461013,0.08582688498686014,220302_Poo_TruePooBacteria_Full3,220302,Poo,TruePooBacteria,Full3,168607344,220302,168607344,HILICPos,93549688.54319537
L-Glutamic acid,"L-Cysteic acid, 2H3",0.4812662776461013,0.08582688498686014,220302_Poo_TruePooBacteria_Half1,220302,Poo,TruePooBacteria,Half1,34198824,220302,34198824,HILICPos,97212938.6035593
L-Glutamic acid,"L-Cysteic acid, 2H3",0.4812662776461013,0.08582688498686014,220302_Poo_TruePooBacteria_Half2,220302,Poo,TruePooBacteria,Half2,38862916,220302,38862916,HILICPos,95591490.20576607
L-Glutamic acid,"L-Cysteic acid, 2H3",0.4812662776461013,0.08582688498686014,220302_Poo_TruePooBacteria_Half3,220302,Poo,TruePooBacteria,Half3,82760752,220302,82760752,HILICPos,82649546.3979935
L-Glutamic acid,"L-Cysteic acid, 2H3",0.4812662776461013,0.08582688498686014,220302_Smp_MQBlk1_A,220302,Smp,MQBlk1,A,5097232,220302,NA,HILICPos,NA
L-Glutamic acid,"L-Cysteic acid, 2H3",0.4812662776461013,0.08582688498686014,220302_Smp_MQBlk1_B,220302,Smp,MQBlk1,B,3911814,220302,NA,HILICPos,NA
L-Glutamic acid,"L-Cysteic acid, 2H3",0.4812662776461013,0.08582688498686014,220302_Smp_MQBlk1_C,220302,Smp,MQBlk1,C,25639156,220302,NA,HILICPos,NA
L-Glutamic acid,"L-Cysteic acid, 2H3",0.4812662776461013,0.08582688498686014,220302_Smp_MQBlk2_A,220302,Smp,MQBlk2,A,4304606,220302,NA,HILICPos,NA
L-Glutamic acid,"L-Cysteic acid, 2H3",0.4812662776461013,0.08582688498686014,220302_Smp_MQBlk2_B,220302,Smp,MQBlk2,B,3813086,220302,NA,HILICPos,NA
L-Glutamic acid,"L-Cysteic acid, 2H3",0.4812662776461013,0.08582688498686014,220302_Smp_MQBlk2_C,220302,Smp,MQBlk2,C,4173488,220302,NA,HILICPos,NA
L-Glutamic acid,"L-Cysteic acid, 2H3",0.4812662776461013,0.08582688498686014,220302_Smp_MQBlk3_A,220302,Smp,MQBlk3,A,10715311,220302,NA,HILICPos,NA
L-Glutamic acid,"L-Cysteic acid, 2H3",0.4812662776461013,0.08582688498686014,220302_Smp_MQBlk3_B,220302,Smp,MQBlk3,B,12398291,220302,NA,HILICPos,NA
L-Glutamic acid,"L-Cysteic acid, 2H3",0.4812662776461013,0.08582688498686014,220302_Smp_MQBlk3_C,220302,Smp,MQBlk3,C,10296441,220302,NA,HILICPos,NA
L-Glutamic acid,"L-Cysteic acid, 2H3",0.4812662776461013,0.08582688498686014,220302_Smp_SupernatBlk_1,220302,Smp,SupernatBlk,1,7586651,220302,NA,HILICPos,NA
L-Glutamic acid,"L-Cysteic acid, 2H3",0.4812662776461013,0.08582688498686014,220302_Smp_SupernatBlk_2,220302,Smp,SupernatBlk,2,4560548,220302,NA,HILICPos,NA
L-Glutamic acid,"L-Cysteic acid, 2H3",0.4812662776461013,0.08582688498686014,220302_Smp_SupernatBlk_3,220302,Smp,SupernatBlk,3,11144550,220302,NA,HILICPos,NA
L-Glutamic acid,"L-Cysteic acid, 2H3",0.4812662776461013,0.08582688498686014,220302_Smp_SWBlk_1,220302,Smp,SWBlk,1,5140598,220302,NA,HILICPos,NA
L-Glutamic acid,"L-Cysteic acid, 2H3",0.4812662776461013,0.08582688498686014,220302_Smp_SWBlk_2,220302,Smp,SWBlk,2,7344975,220302,NA,HILICPos,NA
L-Glutamic acid,"L-Cysteic acid, 2H3",0.4812662776461013,0.08582688498686014,220302_Smp_SWBlk_3,220302,Smp,SWBlk,3,3714052,220302,NA,HILICPos,NA
L-Glutamic acid,"L-Cysteic acid, 2H3",0.4812662776461013,0.08582688498686014,220302_Smp_OBi1_1,220302,Smp,OBi1,1,257098464,220302,257098464,HILICPos,197702845.14968932
L-Glutamic acid,"L-Cysteic acid, 2H3",0.4812662776461013,0.08582688498686014,220302_Smp_OBi1_2,220302,Smp,OBi1,2,275370432,220302,275370432,HILICPos,218687052.08008727
L-Glutamic acid,"L-Cysteic acid, 2H3",0.4812662776461013,0.08582688498686014,220302_Smp_OBi1_3,220302,Smp,OBi1,3,356921568,220302,356921568,HILICPos,217844910.16330245
L-Glutamic acid,"L-Cysteic acid, 2H3",0.4812662776461013,0.08582688498686014,220302_Smp_OBi1_4,220302,Smp,OBi1,4,67156400,220302,67156400,HILICPos,95954319.6719907
L-Glutamic acid,"L-Cysteic acid, 2H3",0.4812662776461013,0.08582688498686014,220302_Smp_OBi1_5,220302,Smp,OBi1,5,43861296,220302,43861296,HILICPos,84487477.68961449
L-Glutamic acid,"L-Cysteic acid, 2H3",0.4812662776461013,0.08582688498686014,220302_Smp_OBi1_6,220302,Smp,OBi1,6,58235084,220302,58235084,HILICPos,80333632.451210707
L-Glutamic acid,"L-Cysteic acid, 2H3",0.4812662776461013,0.08582688498686014,220302_Smp_OBi1_7,220302,Smp,OBi1,7,271248064,220302,271248064,HILICPos,220873745.2317503
L-Glutamic acid,"L-Cysteic acid, 2H3",0.4812662776461013,0.08582688498686014,220302_Smp_OBi1_8,220302,Smp,OBi1,8,291657728,220302,291657728,HILICPos,308261849.32288706
L-Glutamic acid,"L-Cysteic acid, 2H3",0.4812662776461013,0.08582688498686014,220302_Smp_OBi1_9,220302,Smp,OBi1,9,535240192,220302,535240192,HILICPos,407914432.5573201
L-Glutamic acid,"L-Cysteic acid, 2H3",0.4812662776461013,0.08582688498686014,220302_Smp_OBi1small_1,220302,Smp,OBi1small,1,6985483,220302,NA,HILICPos,NA
L-Glutamic acid,"L-Cysteic acid, 2H3",0.4812662776461013,0.08582688498686014,220302_Smp_OBi1small_2,220302,Smp,OBi1small,2,14538188,220302,NA,HILICPos,NA
L-Glutamic acid,"L-Cysteic acid, 2H3",0.4812662776461013,0.08582688498686014,220302_Smp_OBi1small_3,220302,Smp,OBi1small,3,7656787,220302,NA,HILICPos,NA
L-Glutamic acid,"L-Cysteic acid, 2H3",0.4812662776461013,0.08582688498686014,220302_Smp_OBi1small_4,220302,Smp,OBi1small,4,14052060,220302,NA,HILICPos,NA
L-Glutamic acid,"L-Cysteic acid, 2H3",0.4812662776461013,0.08582688498686014,220302_Smp_RWi2_1,220302,Smp,RWi2,1,2095046,220302,NA,HILICPos,NA
L-Glutamic acid,"L-Cysteic acid, 2H3",0.4812662776461013,0.08582688498686014,220302_Smp_RWi2_2,220302,Smp,RWi2,2,8769034,220302,NA,HILICPos,NA
L-Glutamic acid,"L-Cysteic acid, 2H3",0.4812662776461013,0.08582688498686014,220302_Smp_RWi2_3,220302,Smp,RWi2,3,14658518,220302,NA,HILICPos,NA
L-Glutamic acid,"L-Cysteic acid, 2H3",0.4812662776461013,0.08582688498686014,220302_Smp_RWi2_4,220302,Smp,RWi2,4,19085652,220302,NA,HILICPos,NA
L-Glutamic acid,"L-Cysteic acid, 2H3",0.4812662776461013,0.08582688498686014,220302_Smp_RWi2_5,220302,Smp,RWi2,5,9699075,220302,NA,HILICPos,NA
L-Glutamic acid,"L-Cysteic acid, 2H3",0.4812662776461013,0.08582688498686014,220302_Smp_RWi2_6,220302,Smp,RWi2,6,5632714,220302,NA,HILICPos,NA
L-Glutamine,"AMP, 15N5",0.2086783357850781,0.06153119104406126,220302_Poo_TruePooBacteria_Full1,220302,Poo,TruePooBacteria,Full1,20993322,220302,20993322,HILICPos,24989898.166577555
L-Glutamine,"AMP, 15N5",0.2086783357850781,0.06153119104406126,220302_Poo_TruePooBacteria_Full2,220302,Poo,TruePooBacteria,Full2,26740344,220302,26740344,HILICPos,28143416.408112314
L-Glutamine,"AMP, 15N5",0.2086783357850781,0.06153119104406126,220302_Poo_TruePooBacteria_Full3,220302,Poo,TruePooBacteria,Full3,36044292,220302,36044292,HILICPos,29386721.608033117
L-Glutamine,"AMP, 15N5",0.2086783357850781,0.06153119104406126,220302_Poo_TruePooBacteria_Half1,220302,Poo,TruePooBacteria,Half1,12216367,220302,12216367,HILICPos,26652360.773671787
L-Glutamine,"AMP, 15N5",0.2086783357850781,0.06153119104406126,220302_Poo_TruePooBacteria_Half2,220302,Poo,TruePooBacteria,Half2,14402154,220302,14402154,HILICPos,28090046.875505853
L-Glutamine,"AMP, 15N5",0.2086783357850781,0.06153119104406126,220302_Poo_TruePooBacteria_Half3,220302,Poo,TruePooBacteria,Half3,17678510,220302,17678510,HILICPos,29437314.583836157
L-Glutamine,"AMP, 15N5",0.2086783357850781,0.06153119104406126,220302_Smp_MQBlk1_A,220302,Smp,MQBlk1,A,2852259,220302,NA,HILICPos,NA
L-Glutamine,"AMP, 15N5",0.2086783357850781,0.06153119104406126,220302_Smp_MQBlk1_B,220302,Smp,MQBlk1,B,2337451,220302,NA,HILICPos,NA
L-Glutamine,"AMP, 15N5",0.2086783357850781,0.06153119104406126,220302_Smp_MQBlk1_C,220302,Smp,MQBlk1,C,3974893,220302,NA,HILICPos,NA
L-Glutamine,"AMP, 15N5",0.2086783357850781,0.06153119104406126,220302_Smp_MQBlk2_A,220302,Smp,MQBlk2,A,4426955,220302,NA,HILICPos,NA
L-Glutamine,"AMP, 15N5",0.2086783357850781,0.06153119104406126,220302_Smp_MQBlk2_B,220302,Smp,MQBlk2,B,3441558,220302,NA,HILICPos,NA
L-Glutamine,"AMP, 15N5",0.2086783357850781,0.06153119104406126,220302_Smp_MQBlk2_C,220302,Smp,MQBlk2,C,3586562,220302,NA,HILICPos,NA
L-Glutamine,"AMP, 15N5",0.2086783357850781,0.06153119104406126,220302_Smp_MQBlk3_A,220302,Smp,MQBlk3,A,5071842,220302,NA,HILICPos,NA
L-Glutamine,"AMP, 15N5",0.2086783357850781,0.06153119104406126,220302_Smp_MQBlk3_B,220302,Smp,MQBlk3,B,3624965,220302,NA,HILICPos,NA
L-Glutamine,"AMP, 15N5",0.2086783357850781,0.06153119104406126,220302_Smp_MQBlk3_C,220302,Smp,MQBlk3,C,5947618,220302,NA,HILICPos,NA
L-Glutamine,"AMP, 15N5",0.2086783357850781,0.06153119104406126,220302_Smp_SupernatBlk_1,220302,Smp,SupernatBlk,1,2465024,220302,NA,HILICPos,NA
L-Glutamine,"AMP, 15N5",0.2086783357850781,0.06153119104406126,220302_Smp_SupernatBlk_2,220302,Smp,SupernatBlk,2,2868535,220302,NA,HILICPos,NA
L-Glutamine,"AMP, 15N5",0.2086783357850781,0.06153119104406126,220302_Smp_SupernatBlk_3,220302,Smp,SupernatBlk,3,3623592,220302,NA,HILICPos,NA
L-Glutamine,"AMP, 15N5",0.2086783357850781,0.06153119104406126,220302_Smp_SWBlk_1,220302,Smp,SWBlk,1,3819407,220302,NA,HILICPos,NA
L-Glutamine,"AMP, 15N5",0.2086783357850781,0.06153119104406126,220302_Smp_SWBlk_2,220302,Smp,SWBlk,2,4636773,220302,NA,HILICPos,NA
L-Glutamine,"AMP, 15N5",0.2086783357850781,0.06153119104406126,220302_Smp_SWBlk_3,220302,Smp,SWBlk,3,2294602,220302,NA,HILICPos,NA
L-Glutamine,"AMP, 15N5",0.2086783357850781,0.06153119104406126,220302_Smp_OBi1_1,220302,Smp,OBi1,1,48854888,220302,48854888,HILICPos,44276694.93445885
L-Glutamine,"AMP, 15N5",0.2086783357850781,0.06153119104406126,220302_Smp_OBi1_2,220302,Smp,OBi1,2,81472152,220302,81472152,HILICPos,63528551.676262796
L-Glutamine,"AMP, 15N5",0.2086783357850781,0.06153119104406126,220302_Smp_OBi1_3,220302,Smp,OBi1,3,104393304,220302,104393304,HILICPos,74305521.93078673
L-Glutamine,"AMP, 15N5",0.2086783357850781,0.06153119104406126,220302_Smp_OBi1_4,220302,Smp,OBi1,4,5892610,220302,NA,HILICPos,NA
L-Glutamine,"AMP, 15N5",0.2086783357850781,0.06153119104406126,220302_Smp_OBi1_5,220302,Smp,OBi1,5,3150595,220302,NA,HILICPos,NA
L-Glutamine,"AMP, 15N5",0.2086783357850781,0.06153119104406126,220302_Smp_OBi1_6,220302,Smp,OBi1,6,7176632,220302,NA,HILICPos,NA
L-Glutamine,"AMP, 15N5",0.2086783357850781,0.06153119104406126,220302_Smp_OBi1_7,220302,Smp,OBi1,7,78193504,220302,78193504,HILICPos,62932059.63779231
L-Glutamine,"AMP, 15N5",0.2086783357850781,0.06153119104406126,220302_Smp_OBi1_8,220302,Smp,OBi1,8,119005200,220302,119005200,HILICPos,141346457.48095664
L-Glutamine,"AMP, 15N5",0.2086783357850781,0.06153119104406126,220302_Smp_OBi1_9,220302,Smp,OBi1,9,166654176,220302,166654176,HILICPos,124227496.70103405
L-Glutamine,"AMP, 15N5",0.2086783357850781,0.06153119104406126,220302_Smp_OBi1small_1,220302,Smp,OBi1small,1,2942744,220302,NA,HILICPos,NA
L-Glutamine,"AMP, 15N5",0.2086783357850781,0.06153119104406126,220302_Smp_OBi1small_2,220302,Smp,OBi1small,2,7520188,220302,NA,HILICPos,NA
L-Glutamine,"AMP, 15N5",0.2086783357850781,0.06153119104406126,220302_Smp_OBi1small_3,220302,Smp,OBi1small,3,3786380,220302,NA,HILICPos,NA
L-Glutamine,"AMP, 15N5",0.2086783357850781,0.06153119104406126,220302_Smp_OBi1small_4,220302,Smp,OBi1small,4,12841199,220302,12841199,HILICPos,10546490.887503525
L-Glutamine,"AMP, 15N5",0.2086783357850781,0.06153119104406126,220302_Smp_RWi2_1,220302,Smp,RWi2,1,2517851,220302,NA,HILICPos,NA
L-Glutamine,"AMP, 15N5",0.2086783357850781,0.06153119104406126,220302_Smp_RWi2_2,220302,Smp,RWi2,2,11644573,220302,NA,HILICPos,NA
L-Glutamine,"AMP, 15N5",0.2086783357850781,0.06153119104406126,220302_Smp_RWi2_3,220302,Smp,RWi2,3,7244289,220302,NA,HILICPos,NA
L-Glutamine,"AMP, 15N5",0.2086783357850781,0.06153119104406126,220302_Smp_RWi2_4,220302,Smp,RWi2,4,9662478,220302,NA,HILICPos,NA
L-Glutamine,"AMP, 15N5",0.2086783357850781,0.06153119104406126,220302_Smp_RWi2_5,220302,Smp,RWi2,5,10587192,220302,NA,HILICPos,NA
L-Glutamine,"AMP, 15N5",0.2086783357850781,0.06153119104406126,220302_Smp_RWi2_6,220302,Smp,RWi2,6,9407915,220302,NA,HILICPos,NA
Melamine,Inj_vol,0.04103434790599124,0.04103434790599124,220302_Poo_TruePooBacteria_Full1,220302,Poo,TruePooBacteria,Full1,137441104,220302,137441104,HILICPos,137441104
Melamine,Inj_vol,0.04103434790599124,0.04103434790599124,220302_Poo_TruePooBacteria_Full2,220302,Poo,TruePooBacteria,Full2,129031848,220302,129031848,HILICPos,129031848
Melamine,Inj_vol,0.04103434790599124,0.04103434790599124,220302_Poo_TruePooBacteria_Full3,220302,Poo,TruePooBacteria,Full3,139519616,220302,139519616,HILICPos,139519616
Melamine,Inj_vol,0.04103434790599124,0.04103434790599124,220302_Poo_TruePooBacteria_Half1,220302,Poo,TruePooBacteria,Half1,76107904,220302,NA,HILICPos,NA
Melamine,Inj_vol,0.04103434790599124,0.04103434790599124,220302_Poo_TruePooBacteria_Half2,220302,Poo,TruePooBacteria,Half2,72215512,220302,NA,HILICPos,NA
Melamine,Inj_vol,0.04103434790599124,0.04103434790599124,220302_Poo_TruePooBacteria_Half3,220302,Poo,TruePooBacteria,Half3,78877944,220302,NA,HILICPos,NA
Melamine,Inj_vol,0.04103434790599124,0.04103434790599124,220302_Smp_MQBlk1_A,220302,Smp,MQBlk1,A,45805164,220302,NA,HILICPos,NA
Melamine,Inj_vol,0.04103434790599124,0.04103434790599124,220302_Smp_MQBlk1_B,220302,Smp,MQBlk1,B,31398406,220302,NA,HILICPos,NA
Melamine,Inj_vol,0.04103434790599124,0.04103434790599124,220302_Smp_MQBlk1_C,220302,Smp,MQBlk1,C,51678136,220302,NA,HILICPos,NA
Melamine,Inj_vol,0.04103434790599124,0.04103434790599124,220302_Smp_MQBlk2_A,220302,Smp,MQBlk2,A,48357844,220302,NA,HILICPos,NA
Melamine,Inj_vol,0.04103434790599124,0.04103434790599124,220302_Smp_MQBlk2_B,220302,Smp,MQBlk2,B,36434808,220302,NA,HILICPos,NA
Melamine,Inj_vol,0.04103434790599124,0.04103434790599124,220302_Smp_MQBlk2_C,220302,Smp,MQBlk2,C,32570872,220302,NA,HILICPos,NA
Melamine,Inj_vol,0.04103434790599124,0.04103434790599124,220302_Smp_MQBlk3_A,220302,Smp,MQBlk3,A,33392866,220302,NA,HILICPos,NA
Melamine,Inj_vol,0.04103434790599124,0.04103434790599124,220302_Smp_MQBlk3_B,220302,Smp,MQBlk3,B,24718760,220302,NA,HILICPos,NA
Melamine,Inj_vol,0.04103434790599124,0.04103434790599124,220302_Smp_MQBlk3_C,220302,Smp,MQBlk3,C,21749830,220302,NA,HILICPos,NA
Melamine,Inj_vol,0.04103434790599124,0.04103434790599124,220302_Smp_SupernatBlk_1,220302,Smp,SupernatBlk,1,78080672,220302,NA,HILICPos,NA
Melamine,Inj_vol,0.04103434790599124,0.04103434790599124,220302_Smp_SupernatBlk_2,220302,Smp,SupernatBlk,2,39758548,220302,NA,HILICPos,NA
Melamine,Inj_vol,0.04103434790599124,0.04103434790599124,220302_Smp_SupernatBlk_3,220302,Smp,SupernatBlk,3,41610284,220302,NA,HILICPos,NA
Melamine,Inj_vol,0.04103434790599124,0.04103434790599124,220302_Smp_SWBlk_1,220302,Smp,SWBlk,1,90370040,220302,NA,HILICPos,NA
Melamine,Inj_vol,0.04103434790599124,0.04103434790599124,220302_Smp_SWBlk_2,220302,Smp,SWBlk,2,61388780,220302,NA,HILICPos,NA
Melamine,Inj_vol,0.04103434790599124,0.04103434790599124,220302_Smp_SWBlk_3,220302,Smp,SWBlk,3,36588816,220302,NA,HILICPos,NA
Melamine,Inj_vol,0.04103434790599124,0.04103434790599124,220302_Smp_OBi1_1,220302,Smp,OBi1,1,584306048,220302,584306048,HILICPos,584306048
Melamine,Inj_vol,0.04103434790599124,0.04103434790599124,220302_Smp_OBi1_2,220302,Smp,OBi1,2,33567036,220302,NA,HILICPos,NA
Melamine,Inj_vol,0.04103434790599124,0.04103434790599124,220302_Smp_OBi1_3,220302,Smp,OBi1,3,43815688,220302,NA,HILICPos,NA
Melamine,Inj_vol,0.04103434790599124,0.04103434790599124,220302_Smp_OBi1_4,220302,Smp,OBi1,4,69261304,220302,NA,HILICPos,NA
Melamine,Inj_vol,0.04103434790599124,0.04103434790599124,220302_Smp_OBi1_5,220302,Smp,OBi1,5,427302720,220302,427302720,HILICPos,427302720
Melamine,Inj_vol,0.04103434790599124,0.04103434790599124,220302_Smp_OBi1_6,220302,Smp,OBi1,6,59296264,220302,NA,HILICPos,NA
Melamine,Inj_vol,0.04103434790599124,0.04103434790599124,220302_Smp_OBi1_7,220302,Smp,OBi1,7,32555754,220302,NA,HILICPos,NA
Melamine,Inj_vol,0.04103434790599124,0.04103434790599124,220302_Smp_OBi1_8,220302,Smp,OBi1,8,92258600,220302,NA,HILICPos,NA
Melamine,Inj_vol,0.04103434790599124,0.04103434790599124,220302_Smp_OBi1_9,220302,Smp,OBi1,9,25318434,220302,NA,HILICPos,NA
Melamine,Inj_vol,0.04103434790599124,0.04103434790599124,220302_Smp_OBi1small_1,220302,Smp,OBi1small,1,19559114,220302,NA,HILICPos,NA
Melamine,Inj_vol,0.04103434790599124,0.04103434790599124,220302_Smp_OBi1small_2,220302,Smp,OBi1small,2,229168336,220302,229168336,HILICPos,229168336
Melamine,Inj_vol,0.04103434790599124,0.04103434790599124,220302_Smp_OBi1small_3,220302,Smp,OBi1small,3,133559360,220302,133559360,HILICPos,133559360
Melamine,Inj_vol,0.04103434790599124,0.04103434790599124,220302_Smp_OBi1small_4,220302,Smp,OBi1small,4,15737796,220302,NA,HILICPos,NA
Melamine,Inj_vol,0.04103434790599124,0.04103434790599124,220302_Smp_RWi2_1,220302,Smp,RWi2,1,1120351232,220302,1120351232,HILICPos,1120351232
Melamine,Inj_vol,0.04103434790599124,0.04103434790599124,220302_Smp_RWi2_2,220302,Smp,RWi2,2,35971856,220302,NA,HILICPos,NA
Melamine,Inj_vol,0.04103434790599124,0.04103434790599124,220302_Smp_RWi2_3,220302,Smp,RWi2,3,14872432,220302,NA,HILICPos,NA
Melamine,Inj_vol,0.04103434790599124,0.04103434790599124,220302_Smp_RWi2_4,220302,Smp,RWi2,4,13176243,220302,NA,HILICPos,NA
Melamine,Inj_vol,0.04103434790599124,0.04103434790599124,220302_Smp_RWi2_5,220302,Smp,RWi2,5,86808576,220302,NA,HILICPos,NA
Melamine,Inj_vol,0.04103434790599124,0.04103434790599124,220302_Smp_RWi2_6,220302,Smp,RWi2,6,60616044,220302,NA,HILICPos,NA
Thymidine,"DL-Histidine, 15N",0.48374247397295067,0.08674932268908048,220302_Poo_TruePooBacteria_Full1,220302,Poo,TruePooBacteria,Full1,NA,220302,NA,HILICNeg,NA
Thymidine,"DL-Histidine, 15N",0.48374247397295067,0.08674932268908048,220302_Poo_TruePooBacteria_Full2,220302,Poo,TruePooBacteria,Full2,NA,220302,NA,HILICNeg,NA
Thymidine,"DL-Histidine, 15N",0.48374247397295067,0.08674932268908048,220302_Poo_TruePooBacteria_Full3,220302,Poo,TruePooBacteria,Full3,NA,220302,NA,HILICNeg,NA
Thymidine,"DL-Histidine, 15N",0.48374247397295067,0.08674932268908048,220302_Poo_TruePooBacteria_Half1,220302,Poo,TruePooBacteria,Half1,NA,220302,NA,HILICNeg,NA
Thymidine,"DL-Histidine, 15N",0.48374247397295067,0.08674932268908048,220302_Poo_TruePooBacteria_Half2,220302,Poo,TruePooBacteria,Half2,221106,220302,221106,HILICNeg,366437.0676775641
Thymidine,"DL-Histidine, 15N",0.48374247397295067,0.08674932268908048,220302_Poo_TruePooBacteria_Half3,220302,Poo,TruePooBacteria,Half3,108397,220302,108397,HILICNeg,324080.03440837085
Thymidine,"DL-Histidine, 15N",0.48374247397295067,0.08674932268908048,220302_Smp_MQBlk1_A,220302,Smp,MQBlk1,A,NA,220302,NA,HILICNeg,NA
Thymidine,"DL-Histidine, 15N",0.48374247397295067,0.08674932268908048,220302_Smp_MQBlk1_B,220302,Smp,MQBlk1,B,NA,220302,NA,HILICNeg,NA
Thymidine,"DL-Histidine, 15N",0.48374247397295067,0.08674932268908048,220302_Smp_MQBlk1_C,220302,Smp,MQBlk1,C,NA,220302,NA,HILICNeg,NA
Thymidine,"DL-Histidine, 15N",0.48374247397295067,0.08674932268908048,220302_Smp_MQBlk2_A,220302,Smp,MQBlk2,A,NA,220302,NA,HILICNeg,NA
Thymidine,"DL-Histidine, 15N",0.48374247397295067,0.08674932268908048,220302_Smp_MQBlk2_B,220302,Smp,MQBlk2,B,NA,220302,NA,HILICNeg,NA
Thymidine,"DL-Histidine, 15N",0.48374247397295067,0.08674932268908048,220302_Smp_MQBlk2_C,220302,Smp,MQBlk2,C,NA,220302,NA,HILICNeg,NA
Thymidine,"DL-Histidine, 15N",0.48374247397295067,0.08674932268908048,220302_Smp_MQBlk3_A,220302,Smp,MQBlk3,A,NA,220302,NA,HILICNeg,NA
Thymidine,"DL-Histidine, 15N",0.48374247397295067,0.08674932268908048,220302_Smp_MQBlk3_B,220302,Smp,MQBlk3,B,NA,220302,NA,HILICNeg,NA
Thymidine,"DL-Histidine, 15N",0.48374247397295067,0.08674932268908048,220302_Smp_MQBlk3_C,220302,Smp,MQBlk3,C,NA,220302,NA,HILICNeg,NA
Thymidine,"DL-Histidine, 15N",0.48374247397295067,0.08674932268908048,220302_Smp_SupernatBlk_1,220302,Smp,SupernatBlk,1,NA,220302,NA,HILICNeg,NA
Thymidine,"DL-Histidine, 15N",0.48374247397295067,0.08674932268908048,220302_Smp_SupernatBlk_2,220302,Smp,SupernatBlk,2,NA,220302,NA,HILICNeg,NA
Thymidine,"DL-Histidine, 15N",0.48374247397295067,0.08674932268908048,220302_Smp_SupernatBlk_3,220302,Smp,SupernatBlk,3,NA,220302,NA,HILICNeg,NA
Thymidine,"DL-Histidine, 15N",0.48374247397295067,0.08674932268908048,220302_Smp_SWBlk_1,220302,Smp,SWBlk,1,NA,220302,NA,HILICNeg,NA
Thymidine,"DL-Histidine, 15N",0.48374247397295067,0.08674932268908048,220302_Smp_SWBlk_2,220302,Smp,SWBlk,2,166829,220302,166829,HILICNeg,219143.189807631
Thymidine,"DL-Histidine, 15N",0.48374247397295067,0.08674932268908048,220302_Smp_SWBlk_3,220302,Smp,SWBlk,3,NA,220302,NA,HILICNeg,NA
Thymidine,"DL-Histidine, 15N",0.48374247397295067,0.08674932268908048,220302_Smp_OBi1_1,220302,Smp,OBi1,1,NA,220302,NA,HILICNeg,NA
Thymidine,"DL-Histidine, 15N",0.48374247397295067,0.08674932268908048,220302_Smp_OBi1_2,220302,Smp,OBi1,2,319632,220302,319632,HILICNeg,368459.6434864622
Thymidine,"DL-Histidine, 15N",0.48374247397295067,0.08674932268908048,220302_Smp_OBi1_3,220302,Smp,OBi1,3,NA,220302,NA,HILICNeg,NA
Thymidine,"DL-Histidine, 15N",0.48374247397295067,0.08674932268908048,220302_Smp_OBi1_4,220302,Smp,OBi1,4,211416,220302,211416,HILICNeg,174884.66220912558
Thymidine,"DL-Histidine, 15N",0.48374247397295067,0.08674932268908048,220302_Smp_OBi1_5,220302,Smp,OBi1,5,NA,220302,NA,HILICNeg,NA
Thymidine,"DL-Histidine, 15N",0.48374247397295067,0.08674932268908048,220302_Smp_OBi1_6,220302,Smp,OBi1,6,NA,220302,NA,HILICNeg,NA
Thymidine,"DL-Histidine, 15N",0.48374247397295067,0.08674932268908048,220302_Smp_OBi1_7,220302,Smp,OBi1,7,NA,220302,NA,HILICNeg,NA
Thymidine,"DL-Histidine, 15N",0.48374247397295067,0.08674932268908048,220302_Smp_OBi1_8,220302,Smp,OBi1,8,NA,220302,NA,HILICNeg,NA
Thymidine,"DL-Histidine, 15N",0.48374247397295067,0.08674932268908048,220302_Smp_OBi1_9,220302,Smp,OBi1,9,NA,220302,NA,HILICNeg,NA
Thymidine,"DL-Histidine, 15N",0.48374247397295067,0.08674932268908048,220302_Smp_OBi1small_1,220302,Smp,OBi1small,1,NA,220302,NA,HILICNeg,NA
Thymidine,"DL-Histidine, 15N",0.48374247397295067,0.08674932268908048,220302_Smp_OBi1small_2,220302,Smp,OBi1small,2,NA,220302,NA,HILICNeg,NA
Thymidine,"DL-Histidine, 15N",0.48374247397295067,0.08674932268908048,220302_Smp_OBi1small_3,220302,Smp,OBi1small,3,NA,220302,NA,HILICNeg,NA
Thymidine,"DL-Histidine, 15N",0.48374247397295067,0.08674932268908048,220302_Smp_OBi1small_4,220302,Smp,OBi1small,4,NA,220302,NA,HILICNeg,NA
Thymidine,"DL-Histidine, 15N",0.48374247397295067,0.08674932268908048,220302_Smp_RWi2_1,220302,Smp,RWi2,1,NA,220302,NA,HILICNeg,NA
Thymidine,"DL-Histidine, 15N",0.48374247397295067,0.08674932268908048,220302_Smp_RWi2_2,220302,Smp,RWi2,2,NA,220302,NA,HILICNeg,NA
Thymidine,"DL-Histidine, 15N",0.48374247397295067,0.08674932268908048,220302_Smp_RWi2_3,220302,Smp,RWi2,3,NA,220302,NA,HILICNeg,NA
Thymidine,"DL-Histidine, 15N",0.48374247397295067,0.08674932268908048,220302_Smp_RWi2_4,220302,Smp,RWi2,4,NA,220302,NA,HILICNeg,NA
Thymidine,"DL-Histidine, 15N",0.48374247397295067,0.08674932268908048,220302_Smp_RWi2_5,220302,Smp,RWi2,5,NA,220302,NA,HILICNeg,NA
Thymidine,"DL-Histidine, 15N",0.48374247397295067,0.08674932268908048,220302_Smp_RWi2_6,220302,Smp,RWi2,6,NA,220302,NA,HILICNeg,NA
