replicate_name,sample_set,treatment,sample_fraction,(3-Carboxypropyl)trimethylammonium,2-Hydroxy-4-(methylthio)butyric acid,2-Ketoglutaric acid,3-Phosphoglycerate,5-Hydroxyectoine,5-Oxoproline,Adenine,Adenosine,Adenosine diphosphate,Adenosine monophosphate,Adenosine triphosphate,Citric acid,Citrulline,Creatine,"Cys-Gly, oxidized",Cytidine,Cytosine,D-Fructose 6-phosphate,D-Gluconic acid,D-Glucose 1-phosphate,D-Glucose 6-phosphate,D-Ribose 5-phosphate,Deoxyadenosine,Dihydroxyacetone phosphate,Dimethylsulfoniopropionate,Ectoine,Fumaric acid,Glucosamine,Glutamylphenylalanine,Glutathione,Glutathione disulfide,Glycerophosphocholine,Glycerophosphoric acid,Glycine,Gonyol,Guanine,Guanosine,Guanosine monophosphate,Homarine,Hydroxyproline,Hypoxanthine,Inosine,Isocitric acid,L-Alanine,L-Arginine,L-Arginosuccinic acid,L-Aspartic acid,L-Cystathionine,L-Cysteic acid,L-Cystine,L-Glutamic acid,L-Glutamine,L-Histidine,L-Homoserine,L-Isoleucine,L-Leucine,L-Lysine,L-Methionine,L-Methionine S-oxide,L-Ornithine,L-Proline,L-Serine,L-Threonine,L-Tyrosine,Malic acid,N-Acetyl-D-glucosamine,N-Acetyl-L-glutamic acid,N-Acetylmuramic acid,N6-Methyladenine,NAD,NADH,NADP,NADPH,Ophthalmic acid,Orotic acid,Phosphoenolpyruvic acid,Pipecolic acid,Propionylglycine,Succinic acid,Taurine,Thiamine diphosphate,Thymidine,Thymine,UDP-N-acetylglucosamine,UDP-glucose,Uracil,Uridine,cis-Aconitic acid,n-methyl glutamic acid,n-methyl glutamine,unknown_C6H9NO3_1_neg,unknown_C6H9NO4_neg,unknown_C6H9NO4_pos,unknown_C6H9NO4_pos_early,unknown_C7H9NO5_pos,"2,5-Dihydroxybenzoic acid",Allantoin,Melamine
211202_Smp_OBi1_1,OBi1_set2,Glucose + NH4,Particulate,2202174,179593,33686116,2699507.855018953,7385974000.273148,NA,738169536,1158584110.4496424,1264633,1593471,100905.6333876767,53785154.31502276,71731584,1557110.385658287,6479334.545315965,115238373.49135391,78157504,15512486.941235604,239474767.56239173,15512486.941235604,26234409.18457359,3219317,40469652,2700280,819221,19705216139.25993,7343416,1191906.7922015914,471607.4510294433,6615193.697380081,638829.956743115,NA,16283273,4851746.718189726,340641,39304608,59062435.179613546,326031,NA,550721.3465940941,31159216,11753295.470988533,56204940.44555387,140765821.96015847,89328192.00927645,1133292.481050491,49678812,153294.79714028063,246518,2525821,1579892202.9157128,725744953.8649317,69304296.35557358,19686350.464572173,55199955.61970825,NA,26479424.217421636,27490392,NA,2988943.355543079,85879222.82611702,13119912.342917116,59312564.5962184,9174577.444894368,80193672,2379574,129755760,2066117,238042.84269528603,8081089.876600362,1093043,68832,573042.7088532498,6332398.084033499,8877695,1510745.8811583,55330640.48986119,4632796.409321473,123157624,NA,2207492.2259982717,9628352,67040897.742783725,5093319.740459093,7490825.164524135,10842190,228153173.49842596,2096345.5924181603,6267657.979608772,123390493.25658303,NA,6563245,NA,87457.7164278583,61165.94573022232,NA,NA,NA
211202_Smp_OBi1_2,OBi1_set2,Glucose + NH4,Particulate,1880662,116270,49826548,2064669.6019065492,7415437039.415463,44966041.71549878,664260032,737039051.3459301,3328658,6425140,204788.90725193013,51190944.734163426,72467024,358415.5601116157,4722740.5604652725,73212791.55757648,97695904,12943219.666499691,401158789.62874794,12943219.666499691,18586621.338187955,4642537,35011968,3198907,NA,16893708319.33375,11169420,1580299.313672308,501076.5732325953,1507080.087509904,364487.6017335393,NA,17552712,5997902.796941725,246869,57716936,41030721.06288357,1191745,NA,531730.9948248916,208915168,5846059.974368996,55519607.71334334,126678036.06237216,78861936.69800799,1267903.5336287937,50483192,144810.8827118637,302501,6779778,1610531367.4950185,681631010.3179001,65313620.5049964,22418987.299475767,NA,NA,20836317.78267926,28766374,NA,2743884.578413433,68641052.56483445,8970411.211130196,47046033.44835351,9609157.61160577,89435784,2142352,130319744,2026063,332230.655245255,7844841.360040998,NA,51193,492021.47393274505,7127393.791617805,13835135,1621482.8242864253,46310322.29869075,3898907.823032477,95188688,NA,1598186.5621170113,6562215,43684936.88666892,4930128.4432482375,6561890.067444082,32233286,117914933.37463091,1863759.5914058,5637639.832432984,111552859.49522756,NA,7242454,NA,78180.80436356281,59424.94879704997,NA,NA,NA
211202_Smp_OBi1_3,OBi1_set2,Glucose + NH4,Particulate,1860896,133076,37883856,2622217.0221966524,7069163385.8702965,54871370.96057584,722788992,1063087873.8653274,1228335,2018471,NA,59550535.631212115,70734744,NA,4622948.459839507,103038671.75909732,115890328,15105796.283728098,415242192.1993465,15105796.283728098,19282914.36345043,4464837,41124580,3035648,NA,18635152059.298805,9219013,1191210.2615188991,331763.90061051043,602409.3433970035,362961.92453779245,NA,26651968,4864490.427508793,297647,51415652,47205471.40002371,342701,NA,484794.78562874935,302722656,8153535.515374873,61411253.46725963,146612056.46543595,86214040.9518212,1063908.7548445617,43244168,171782.07364167212,269134,2204299,1605891969.479745,659301919.6379917,68967123.2568033,20786080.917046383,47891484.80373912,49061716.52896716,24908538.121228945,27932634,NA,2900943.0560329147,81871931.32082678,12352025.680960745,58970373.945796125,9658766.366403282,88128864,2257269,126733760,2164622,341225.95600169187,6209987.287955824,NA,138436,347336.37592633796,5141503.779820947,11453165,1927754.295266207,51910535.46527753,3830661.120529627,132163336,NA,1603575.3991977058,9902097,70427199.27541696,4844995.444341788,4803537.115240482,45969464,217690177.32335255,1503772.8181697852,5542865.727514871,114341625.13888612,NA,6261573,NA,111547.3988876636,NA,NA,NA,NA
211202_Smp_OBi1_4,OBi1_set2,Homarine,Particulate,1942696,225334,17300588,272890.65379069204,1755776625.134244,NA,713691968,587529786.5042844,NA,NA,NA,77504562.56421801,2278039,NA,22658997.49042134,28448936.070604265,58288376,14913010.741419343,11536134.95711627,14913010.741419343,6804574.656141963,2530551,26390670,295391,NA,10094191317.603764,NA,6694857.755460148,NA,NA,NA,NA,10253338,3344907.777035167,124972,38721212,25891020.9799073,NA,133852726662.3591,515697.3278698928,198575744,147380.115847549,80569663.4101992,19986109.59321703,21972955.330489464,85583.51720230079,8487434,NA,168427,1821171,2149506898.5669827,57330771.98517192,20176313.63367319,35616523.66579479,23491887.34063988,25520953.247471463,13084188.305062452,10361659,NA,NA,18213122.182383504,3597625.0314348717,11784521.49863964,8161276.779273219,44320824,618518,3628926,261582,145743.27879170628,46840.79575156759,NA,NA,47463.22848148994,4718266.40296899,NA,703553.9887144344,23961073.31768688,2326716.9553741664,51526744,NA,1177564.669501492,5138878,26779356.389092233,415501.8860678566,570110.5661775297,24699778,91568977.56228408,714060.681636713,851616446.5331256,3676271178.616875,308915346.2951357,71352080,859802.9730524514,701944.8911495485,1834812.223174032,NA,NA,NA
211202_Smp_OBi1_5,OBi1_set2,Homarine,Particulate,1894416,143885,14500479,297054.16484171775,2032956747.317629,NA,144095008,384034002.25068927,2770472,5433902,146865.10391557802,97248125.94382824,2782654,NA,7411411.179046258,15148587.649336291,39929932,9446056.555157818,7454084.680685834,9446056.555157818,5561496.9954463085,731513,14620463,209959,NA,10783679878.870792,NA,5962261.621690639,NA,5621657.7399739055,2056224.0422413652,NA,4913386,1590128.5600254815,120774,12751246,19548543.557981662,799695,116693718764.03893,525277.6115113512,14832151,270425.85987054225,103399446.99854948,20622578.911066696,24244047.860153697,95403.0164592086,8748151,NA,85731,84397,1440703227.894669,180501029.3826151,20521961.895454068,32529856.09763879,24835336.190721888,24553216.026277456,12249598.8367343,9074712,NA,NA,23156905.89282717,3811183.809148726,11856139.611615043,7350920.970177865,26884548,608745,5948816,235704,65037.148722373706,6118540.803263701,752084,NA,NA,24989699.20664866,NA,400983.33344092313,23840476.89905818,2413076.2515579583,43504232,NA,1428537.4095386616,2809728,14395335.441575892,2553070.8889711048,2431168.0813244106,4645917,37743881.94388622,901919.5983806864,1045678251.700594,3699602637.5381694,258454588.54881188,61558092,732158.2810942916,673061.1658968373,1651003.5996189113,NA,NA,NA
211202_Smp_OBi1_6,OBi1_set2,Homarine,Particulate,1834414,207379,32486314,250765.5824506432,1813413449.6766665,NA,772798848,241960118.33728787,3223078,7743475,268197.5092137311,43541317.27716073,2573261,NA,4452908.666948006,13023757.34443706,56917532,7880425.958240079,NA,7880425.958240079,3822253.782609552,2023890,12913531,135464,NA,8086966212.710329,NA,6095883.078733853,NA,NA,342811.4805199964,NA,6109368,4007396.561700922,137694,19286458,9392995.460977908,523197,112060462930.8314,468940.4244308742,26553684,NA,47224039.44565944,21090449.305275857,18921120.2368931,81804.57994011987,8847333,NA,61736,2693595,1347824915.13338,147195993.5503216,18349090.411535572,26529766.29959089,32579171.873768702,NA,8717249.881748302,9413792,NA,NA,17530292.63087334,3358040.144093672,8511707.080243118,6823156.281877791,55143312,526040,4067639,207792,115860.24377353788,3840738.3664765754,NA,60002,NA,28824031.02057622,NA,633025.4305541652,21635261.792615317,2223649.875732646,27787308,NA,989569.6328360745,2074784,14818368.767177796,1643769.8480756574,1820897.7346284855,31022660,19574869.073204916,718333.8381139268,1034354844.7880738,3055626489.486416,255638073.1971946,148335376,831634.0699042929,1750930.191279217,1756594.9313979263,NA,NA,NA
211202_Smp_OBi1_7,OBi1_set2,Glucose + NH4 + Homarine,Particulate,1930711,141116,40663616,2441677.1647184487,6280253220.975462,NA,843665984,915968591.0283122,1010396,1392695,61438.1908118463,50478962.57379725,46716760,NA,31872359.37340788,90622347.71957654,104278728,12211432.691899303,1025513125.3283486,12211432.691899303,17196039.50084433,3359830,39448864,2003581,NA,36084140011.45796,9496862,5158484.349345178,374185.7044700302,11597786.388931664,853948.0625480706,NA,14164889,2941508.507154063,NA,61279760,51028595.96717078,203139,91003076031.56737,372497.82709415705,58185484,7732616.132000366,53141200.16912399,111447968.89482944,73494549.35712288,756788.0183681264,30738808,89290.2998902258,130698,100015,5566381501.632615,1988211489.1870265,55351528.95255174,73841479.78300974,45914764.68148325,48858588.25666182,20562265.274803676,20716618,NA,10690460.02909938,76137594.12109399,9073897.558637464,39559565.98494678,10074551.407022435,80488904,1995437,103714304,1775095,262639.5639468096,4960045.846833011,NA,46243,260934.67056474744,4231306.993089759,9292891,1382086.3125751668,39819450.87208075,3812323.281914183,113550728,NA,1710812.8568786054,7919300,59030317.74733018,4772280.201450041,3840299.2674201974,16324533,164670578.23206124,1282761.6878915897,32866515.325709697,407271256.00585866,NA,5623021,1467347.7859713896,60608.547856596706,2698014.263831391,NA,NA,NA
211202_Smp_OBi1_8,OBi1_set2,Glucose + NH4 + Homarine,Particulate,1682955,128101,39599728,1617095.5422707554,6096294962.615648,NA,670674304,589841631.5334581,2929693,9480275,68543.83365707839,48290413.556665674,50312772,NA,2521612.5789502217,65530079.51664299,72826816,12765875.740774032,1129085361.2253828,12765875.740774032,19374725.957627885,3205385,33222824,2121031,NA,36973712027.65725,10773090,5336972.743974321,248551.25550912647,NA,2091504.7268047857,NA,15651891,3732575.962156018,NA,50303828,40386856.30809586,1944896,94071553944.62608,411850.87110920734,106422136,5374313.522667248,50539712.946674824,114350682.4164128,71850490.38114376,775352.4657087048,29656290,91859.98151621234,59195,1834106,5845961716.465637,2207338457.2291307,53376392.349657446,87181320.9435105,44051933.0962602,43788197.83372516,20315094.647089675,20922208,NA,NA,76256603.57392512,8172021.487353676,38639558.02762812,9777195.524697714,92688744,1899973,110088304,1640697,312585.5373660835,8238369.653393901,NA,94232,533024.024081368,2874020.443618922,8246426,1268371.0670338206,40800505.10630703,3899275.741788164,119644880,NA,1461945.9758976432,5658023,38670620.192639574,4924073.6886897525,4751292.428897117,21550428,94132007.48588972,1264152.9014987936,32342989.61375998,408942982.9387465,4227917.236567069,4483763,1339028.290901238,48998.349978539234,2276233.355342225,NA,NA,NA
211202_Smp_OBi1_9,OBi1_set2,Glucose + NH4 + Homarine,Particulate,1551067,148369,29632670,1450006.0561063164,4915932626.707573,NA,249466160,633380465.6086957,5066863,15553344,180211.06411893855,35806777.823787585,48337100,NA,697374.2465579251,51645509.617899545,96720248,8682266.756511291,1199147443.5505393,8682266.756511291,13751561.73744479,3014635,29781724,1776849,NA,29563654436.344425,8461227,2988565.5618820246,146496.2119067519,295962.47236494056,3209336.8167934,NA,12849753,3033598.1750676963,51311,22806754,27981276.118237235,4618819,89375933594.18047,247390.0986558035,101499104,4197296.881847137,37980777.43607023,96710356.60102087,64081883.654269494,588121.3663689534,27591790,81281.78122396804,48736,1918028,5206613690.320976,1957531484.493076,46654539.949898235,73396096.54520276,40862313.623778,50241526.68338962,17305122.60168016,19157482,NA,11741616.172876555,72900955.12070303,7732356.733280418,36574810.50763836,9596077.433572486,77595408,2203724,100278992,2019020,196629.0453829455,5026421.0328660775,913786,121077,61279.386946977495,2236724.206138242,5896019,829348.8261185202,32814790.940446783,3127747.433915833,124072536,NA,1308506.2497931146,4832730,33741901.498806715,4183803.0023995577,2502656.9998669596,13743895,63577701.602906,1183878.0729727005,39728662.43253489,506209318.73702925,4607902.61153941,4396465,1476081.3416157423,NA,2601395.8774417974,NA,NA,NA
211202_Smp_OBi1small_1,Obi1_set1,Glucose + NH4,Particulate,384813,NA,10413950,1382213.798815339,645475083.6798428,NA,76408560,90043146.64448553,4044208,5244616,1181180.0788204886,22812096.69077128,7276885,NA,341301.37155573134,3595818.625092372,29288170,2089517.9594240005,1369955.958740774,2102863.693420573,1058134.0598432468,843512,4429528,NA,5915174,17292621510.917835,NA,199285.94345656884,NA,283557.37688637915,1714258.487774955,NA,1009791,1149595.2371403158,208270,10850244,1434390.8667176152,757417,NA,127725.46721317958,39037408,96647.27932846003,24878961.648987617,7190286.435518763,17614565.471814718,112710.6932315877,15131355,NA,68534,121601,565869125.1106693,95867785.5626724,34439237.40532023,1199707.694497345,NA,NA,2504587.2406259915,5026462,29125.17596073766,6156395.900867569,14988827.319642693,1723168.605726044,5728935.578982639,4775786.462344725,31123804,146036,48209572,85294,NA,2931974.644793711,226244,222077,NA,1394856.872465599,NA,725514.4886391264,5388137.063275243,653327.2049629544,NA,NA,392334.6367091099,564964,NA,1348698.0588380578,2577752.019171262,10702565,10039064.44745409,NA,NA,NA,NA,NA,NA,NA,NA,NA,NA,NA
211202_Smp_OBi1small_3,Obi1_set1,Glucose + NH4,Particulate,323761,NA,12886714,873830.15570771,712110676.9575324,NA,100284544,99669743.07745276,1913263,4714957,1030046.288657728,28674843.41967772,6030083,NA,441881.0720150835,4625342.550300017,23789118,2138502.0650845673,4923323.198164162,2138502.0650845673,1697034.742487689,1024215,4380284,48065,NA,15946122171.927889,NA,216862.2216508088,NA,NA,1287129.4057708413,NA,1773187,1550584.1389226755,197617,9916993,2113524.2890189528,830785,NA,96733.70225339108,69818672,70597.84659269883,30631288.64868112,12820644.572261402,14254494.944042064,77710.43462701056,14267632,NA,59968,194905,537372522.2012463,76788535.21928583,18678314.931440815,2075679.8153673157,NA,NA,2331502.059711556,5194227,86228.82968730589,3437487.5997763285,13556511.548297605,2150813.045075007,5842076.380059089,4267828.011281979,32988842,174579,49628132,180380,NA,1876645.5229107428,NA,113050,NA,1359048.799565466,56715,495828.4748964482,4534873.047749346,488328.50465397583,NA,NA,274088.5871125055,801373,5886082.139060074,1116611.9128916068,2040160.566292686,12277617,11627091.263871351,NA,NA,NA,NA,NA,NA,NA,NA,NA,NA,NA
211202_Smp_OBi1small_5,Obi1_set1,Homarine,Particulate,323846,NA,24272080,929808.5971145713,639578837.9964706,NA,253638352,185897918.27580452,1897717,5944537,NA,43694146.156957455,14865465,NA,317303.54901066946,9899008.854227934,58975500,3911248.181956447,1985926.4042318305,4053826.156879459,3260917.293050387,1624110,13704634,210088,NA,12627973679.949747,NA,218510.97455575495,NA,5739550.690599378,646311.804362971,NA,6336708,2385972.6616966855,131039,18691942,2851408.47150429,527815,808837491.886606,78008.41854715077,214170016,NA,45583239.61119149,32655880.34651448,19885156.76279257,169406.17430442572,46660928,NA,85180,366696,846181996.9843447,322722196.1337412,27646615.22758403,5127323.237953721,NA,NA,5225598.575368229,5560662,94172.04746328748,2963829.5393713256,18926314.651482828,2688310.639726226,11218403.905037614,4980115.169791142,53887868,412312,62146180,553583,72052.70549871701,2581671.460228608,NA,238236,NA,1116004.7967886748,5312214,489008.6955186378,5395692.289057595,1033759.2133254784,NA,NA,444887.52051855746,1328300,NA,1573628.6421194726,4381396.818329657,29768470,21447926.119193908,416791.6701812141,NA,NA,NA,NA,NA,NA,NA,NA,NA,NA
211202_Smp_OBi1small_7,Obi1_set1,Homarine,Particulate,344334,NA,32770294,983151.6251088778,675713835.5254897,NA,220857712,211833005.8815435,1323370,6870414,NA,76650187.91158858,14277152,NA,438185.69799743744,12148130.541891277,66678620,3852935.888244437,2093756.5566427456,3907759.39303786,3297835.2488278607,1928489,13022990,192874,NA,13401167636.0154,6047643,NA,NA,2438282.9680686397,660275.2582628089,NA,8109166,2482428.138054526,170407,21889188,5010671.144271762,859736,3271737429.9630337,84640.57177286095,225765056,297217.7791877199,79016850.13231024,32893494.195751287,18556795.795943227,172977.85803136547,40032836,42784.0008512378,115989,431939,912096888.1409352,399813714.8939644,21715393.3960268,5446445.324604284,NA,NA,4529650.492615564,5561055,70097.55873857654,NA,18224887.00152087,2859602.3680144786,10414005.041161554,4899010.000047247,66024904,408856,61288792,613015,90371.43108228932,2538524.5207561394,49265,299802,NA,1153520.2969395772,1989404,562878.4486158575,5913156.237146516,1451573.2415281243,19912382,NA,402946.4579014995,1486550,11042386.884679051,1473878.1944393388,3571437.0008383966,32767894,19563600.814826563,696035.9733587297,NA,NA,NA,NA,NA,NA,NA,NA,NA,NA
211202_Smp_RWi2_1,Rwi_set1,Glycerol + NH4,Particulate,NA,NA,16804258,9231116.14114554,2593212.07206054,NA,24680398,5583967.412912138,2936175,9522547,148645.39177027257,39038789.82758728,6662644,NA,NA,261586.34459853772,9267637,19289168.156206418,30352974.17630604,19289168.156206418,13831693.984750915,6587152,462593,21142904,NA,16461229663.658688,10173818,328836.3909196332,NA,876866.2962792565,1970743.9941560496,491028,75269096,1804337.5092425256,NA,5397411,107977.91880652789,354536,NA,NA,4025776,NA,40411281.071986996,33370633.889636815,15334995.689404633,609671.0617374652,9891545,76623.2923964731,66526,58089,751880977.7714987,489234221.95029414,NA,583261.460206785,NA,NA,1449860.8167577905,6020820,202141.21669076756,NA,16120414.708406722,5415819.655296935,3698699.999506052,2364263.9272577283,150122064,208155,87613496,418307,51298.25516285332,2743983.748836496,NA,85054,NA,2668406.916121774,982360,601291.9862266849,NA,NA,NA,861225.1841814269,161748.02366674508,NA,NA,684911.429399349,781356.9923927153,NA,144609.60843712254,NA,NA,NA,NA,NA,NA,NA,NA,NA,NA,NA
211202_Smp_RWi2_2,Rwi_set1,Glycerol + NH4,Particulate,NA,NA,8960938,6863533.238277879,NA,NA,26165394,2989436.717178713,2567058,6705843,115649.27344265714,24827238.71525373,5944359,NA,NA,212161.0897236908,9477170,20345395.248406976,29578802.13760685,20978658.762142792,14691338.843840402,5213303,420209,19883832,NA,15190007861.37353,8062013,302715.94086764153,NA,1176348.857236329,1793755.181962453,612746,71164176,1602355.1840442517,NA,5760307,86209.1962898902,216632,143091767.4868301,NA,1627074,NA,26096580.1641466,29845386.140648745,13252693.738255024,435388.05192612944,8507453,44402.643719485255,45866,NA,661410473.764167,430096358.5765017,NA,521863.9498104564,NA,NA,1390993.7122706487,5436522,375713.7730085283,NA,13248200.882918088,4766337.156434108,3061929.45412778,2312822.2682747245,128142808,120061,93001688,373726,58424.4460862343,2732190.203375398,NA,110429,NA,2270123.80632782,377169,61044.528171912214,NA,NA,NA,1662384.1838010035,199543.9189987965,NA,NA,702044.8357252261,547778.185188907,NA,NA,NA,NA,NA,NA,NA,NA,NA,NA,NA,NA,NA
211202_Smp_RWi2_3,Rwi_set1,Homarine,Particulate,NA,NA,5157658,323029.4238619743,NA,NA,38102308,6638282.290070308,4242582,10339379,867183.3514841772,15722197.701576326,4093840,NA,NA,388879.086595525,18307502,1623796.8692035663,2328075.3226747885,1531566.639501309,3650703.856158321,414873,428245,258164,NA,213002104.2787608,17305262,NA,NA,766597.8090969443,3398498.4526885725,1424005,841846,1311021.725930109,NA,9941498,329433.1264934927,1886703,31882564815.28145,NA,4041847,NA,14998392.596965604,11694700.813616231,19747562.898456015,672707.5395393518,40956540,NA,NA,NA,1091341944.8084686,120120066.47041786,NA,4121842.001452413,NA,20368936.2324199,2183817.401997294,4816605,139609.9497286498,30063250.701100983,21938762.15118316,1626440.629862257,3277652.702037775,3190272.3620459116,253523200,255498,63524804,981459,80399.73492170287,3060832.4511158587,NA,177864,NA,1421673.09550482,2060983,741661.8051526693,NA,NA,26121886,215861.53108139103,315264.4013306474,NA,NA,604898.1607252004,316702.2022993026,3930481,310420.11658175,NA,NA,NA,NA,NA,NA,NA,NA,NA,NA,NA
211202_Smp_RWi2_4,Rwi_set1,Homarine,Particulate,NA,NA,5497989,365046.1178363483,NA,NA,58421920,6383847.693150607,3596501,8877266,503680.1068302665,29688568.602253728,4076094,NA,NA,676373.931,30071560,1761371.8092720965,3067358.5115816565,1761470.1267889654,3978527.5018879664,225804,624302,226691,288383,186680883.99846312,18284460,NA,NA,NA,3422917.1592063466,1078049,688814,1293495.579456337,NA,18140508,565196.6540685539,1340449,46781064352.30274,NA,2616189,NA,30608985.15997966,14010118.90766039,22792897.885326684,789680.426151451,37952344,NA,NA,NA,1563212232.2552738,188485537.66964665,NA,3566010.731577166,17829957.710078567,NA,2359942.346532666,5120716,130151.797224475,36703343.72979615,29151609.80920743,NA,3559789.0805621566,3009214.2401612313,260536480,419387,65580404,1015896,140928.03458277686,3095662.1089160657,125101,113793,NA,1495637.3447226412,2725080,727863.8553268574,NA,NA,25645382,218704.73646395767,91683.01227493784,NA,NA,674374.4977325771,377728.1394096002,4870484,267620.27455440845,NA,NA,NA,NA,NA,NA,NA,NA,NA,NA,NA
211202_Smp_RWi2_5,Rwi_set1,Glycerol + NH4 + Homarine,Particulate,NA,NA,21895002,6239197.208247039,NA,51227129.970590055,29755812,4540931.985337535,2659513,10610784,66128.0654452132,20892888.92788446,7794056,NA,NA,272561.58805706206,8003134,13675071.324363014,33528114.734719247,13675071.324363014,15081994.785699612,5357357,364378,11883745,NA,17293910188.73251,12346649,324770.9773041163,NA,1460894.3730207633,2047659.81103755,940970,84923144,618739.7868378425,NA,5130302,100261.99742886558,407518,9965382436.263475,NA,1223144,NA,21301810.77801134,28197341.30822029,23675401.28150559,453686.32210785337,6397700,NA,82847,122209,807829080.3471091,756879465.4104412,NA,577262.6961169125,28267033.848169405,NA,1934538.4510588285,8769820,257414.2648264999,5398624.729315716,14567033.90251461,10163351.623337876,2348934.393562737,3855555.667204487,185580752,185099,151643520,445215,48592.97623637589,4083020.0878139823,NA,104360,NA,3393088.6509772367,410226,298865.0770421744,NA,NA,NA,745935.907549557,243419.834799601,NA,NA,695264.9607561541,536215.3525672589,NA,78505.35394422809,NA,NA,NA,NA,NA,NA,NA,NA,NA,NA,NA
211202_Smp_RWi2_6,Rwi_set1,Glycerol + NH4 + Homarine,Particulate,NA,NA,15618116,6259781.400196948,NA,NA,24082638,4174032.5129395593,2572267,5601464,172102.90882248938,28382665.005117897,5388601,NA,NA,215503.12374975593,8986207,12777568.740816006,24452960.62918738,12777568.740816006,11314875.1816883,4612526,362147,9254519,NA,14541697497.368769,8957657,251311.9841590534,NA,659762.4527815713,1763346.4477408794,985628,52454892,672777.5080246023,NA,4842393,99481.32708871271,353413,7660249709.172755,NA,1098462,NA,29944195.114359025,20233370.052741382,17045908.285542443,362616.6078516097,5033128,NA,47006,73799,614567882.5677842,598055590.8630389,NA,521747.2356061402,NA,NA,1514792.226858737,5820895,248456.55229872584,3228543.5794149567,11986961.951896409,7809326.630475005,1777041.851148778,2877382.533971212,133524464,120612,107635296,279521,NA,2631861.1985667855,NA,54164,NA,2666932.8132562903,281761,257260.5221555662,NA,NA,NA,984961.6075290848,176142.47637973478,NA,NA,654407.8746893198,685360.3497646586,NA,52573.15911773964,NA,NA,NA,NA,NA,NA,NA,NA,NA,NA,NA
220302_Smp_OBi1_1,OBi1_set2,Glucose + NH4,Dissolved,NA,NA,NA,NA,270862496,NA,NA,NA,NA,NA,NA,NA,NA,NA,NA,NA,NA,NA,NA,NA,NA,NA,NA,NA,NA,4245294080,NA,NA,NA,NA,NA,NA,NA,NA,NA,NA,NA,NA,NA,1903279,NA,NA,NA,NA,NA,NA,NA,NA,NA,NA,197702845.14968932,44276694.93445885,NA,NA,NA,NA,NA,NA,NA,NA,NA,NA,NA,NA,NA,NA,NA,NA,NA,NA,NA,NA,NA,NA,NA,NA,NA,NA,NA,NA,NA,NA,NA,NA,NA,NA,NA,NA,562684.6279368756,16532947.633688752,NA,NA,NA,NA,NA,NA,NA,584306048
220302_Smp_OBi1_2,OBi1_set2,Glucose + NH4,Dissolved,NA,NA,NA,NA,309235040,NA,NA,NA,NA,NA,NA,NA,NA,NA,NA,NA,NA,NA,NA,NA,NA,NA,NA,NA,NA,5377144320,NA,NA,NA,NA,NA,NA,NA,NA,NA,NA,NA,NA,NA,1462099,NA,NA,NA,NA,NA,NA,NA,NA,NA,NA,218687052.08008727,63528551.6762628,NA,NA,NA,NA,NA,NA,NA,NA,NA,NA,NA,NA,NA,NA,NA,NA,NA,NA,NA,NA,NA,NA,NA,NA,NA,NA,NA,NA,NA,NA,NA,NA,NA,NA,NA,NA,1159813.414777317,14968941.64474219,NA,NA,NA,NA,NA,NA,NA,NA
220302_Smp_OBi1_3,OBi1_set2,Glucose + NH4,Dissolved,NA,NA,NA,NA,314322368,NA,NA,NA,NA,NA,NA,NA,NA,NA,NA,NA,NA,NA,NA,NA,NA,NA,NA,NA,NA,6080292352,NA,NA,NA,NA,NA,NA,NA,NA,NA,NA,NA,NA,NA,2018273,NA,NA,NA,NA,NA,NA,NA,NA,NA,NA,217844910.16330245,74305521.93078673,NA,NA,NA,NA,NA,NA,NA,NA,NA,NA,NA,NA,NA,NA,NA,NA,NA,NA,NA,NA,NA,NA,NA,NA,NA,NA,NA,NA,NA,NA,NA,NA,NA,NA,NA,NA,NA,16940916.387046628,NA,NA,NA,NA,NA,NA,NA,NA
220302_Smp_OBi1_4,OBi1_set2,Homarine,Dissolved,NA,NA,NA,NA,361343520,NA,NA,NA,NA,NA,NA,NA,NA,NA,NA,NA,NA,NA,NA,NA,NA,NA,NA,NA,NA,1071968320,NA,NA,NA,NA,NA,NA,NA,NA,NA,NA,NA,NA,2992577084183.031,2693833,16160859.305065814,NA,NA,NA,NA,NA,NA,NA,NA,NA,95954319.6719907,NA,NA,NA,NA,NA,NA,NA,NA,NA,NA,NA,NA,NA,NA,NA,NA,NA,NA,NA,NA,NA,NA,NA,NA,NA,NA,NA,NA,NA,NA,NA,NA,NA,NA,NA,NA,NA,152543408.7470999,161404240.77956036,2862458.0019020364,NA,NA,NA,NA,NA,NA,NA
220302_Smp_OBi1_5,OBi1_set2,Homarine,Dissolved,NA,NA,NA,NA,365248128,NA,NA,NA,NA,NA,NA,NA,NA,NA,NA,NA,NA,NA,NA,NA,NA,NA,NA,NA,NA,1031413312,NA,NA,NA,NA,NA,NA,NA,NA,NA,NA,NA,NA,2980720975788.667,NA,24261859.023021106,NA,NA,NA,NA,NA,NA,NA,NA,NA,84487477.68961449,NA,NA,NA,NA,NA,NA,NA,NA,NA,NA,NA,NA,NA,NA,NA,NA,NA,NA,NA,NA,NA,NA,NA,NA,NA,NA,NA,NA,NA,NA,NA,NA,NA,NA,NA,NA,NA,150054824.9655003,208382630.51435733,3263231.1415667012,NA,NA,NA,NA,NA,NA,427302720
220302_Smp_OBi1_6,OBi1_set2,Homarine,Dissolved,NA,NA,NA,NA,350087360,NA,NA,NA,NA,NA,NA,NA,NA,NA,NA,NA,NA,NA,NA,NA,NA,NA,NA,NA,NA,948002752,NA,NA,NA,NA,NA,NA,NA,NA,NA,NA,NA,NA,2825717994149.5864,1335685,10428042.98739135,NA,NA,NA,NA,NA,NA,NA,NA,NA,80333632.451210707,NA,NA,NA,NA,NA,NA,NA,NA,NA,NA,NA,NA,NA,NA,NA,NA,NA,NA,NA,NA,NA,NA,NA,NA,NA,NA,NA,NA,NA,NA,NA,NA,NA,NA,NA,NA,NA,84561618.18082358,55259682.17726505,2686301.159222163,NA,NA,NA,NA,NA,NA,NA
220302_Smp_OBi1_7,OBi1_set2,Glucose + NH4 + Homarine,Dissolved,NA,NA,NA,NA,289634112,NA,NA,NA,NA,NA,NA,NA,NA,NA,NA,NA,NA,NA,NA,NA,NA,NA,NA,NA,NA,2681739776,NA,NA,NA,NA,NA,NA,NA,NA,NA,NA,NA,NA,128677922463.3421,1430083,5610243.51461517,NA,NA,NA,NA,NA,NA,NA,NA,NA,220873745.2317503,62932059.63779231,NA,NA,NA,NA,NA,NA,NA,NA,NA,NA,NA,NA,NA,NA,NA,NA,NA,NA,NA,NA,NA,NA,NA,NA,NA,NA,NA,NA,NA,NA,NA,NA,NA,NA,NA,NA,2083139.7188875484,36729174.19141162,NA,NA,NA,NA,NA,NA,NA,NA
220302_Smp_OBi1_8,OBi1_set2,Glucose + NH4 + Homarine,Dissolved,NA,NA,NA,NA,299466720,NA,NA,NA,NA,NA,NA,NA,NA,NA,NA,NA,NA,NA,NA,NA,NA,NA,NA,NA,NA,2393329920,NA,NA,NA,NA,NA,NA,NA,NA,NA,NA,NA,NA,103011209188.52995,1793185,7534720.931396281,NA,NA,NA,NA,NA,NA,NA,NA,NA,308261849.32288706,141346457.48095664,NA,NA,NA,NA,NA,NA,NA,NA,NA,NA,NA,NA,NA,NA,NA,NA,NA,NA,NA,NA,NA,NA,NA,NA,NA,NA,NA,NA,NA,NA,NA,NA,NA,NA,NA,NA,3300761.159098869,62271743.87901281,NA,NA,NA,NA,NA,NA,NA,NA
220302_Smp_OBi1_9,OBi1_set2,Glucose + NH4 + Homarine,Dissolved,NA,NA,NA,NA,592683520,NA,NA,NA,NA,NA,NA,NA,NA,NA,NA,NA,NA,NA,NA,NA,NA,NA,NA,NA,NA,4833483264,NA,NA,NA,NA,NA,NA,NA,NA,NA,NA,NA,NA,95599318218.41151,1851489,2899486.5689438824,NA,NA,NA,NA,NA,NA,NA,NA,NA,407914432.5573201,124227496.70103404,NA,NA,NA,NA,NA,NA,NA,NA,NA,NA,NA,NA,NA,NA,NA,NA,NA,NA,NA,NA,NA,NA,NA,NA,NA,NA,NA,NA,NA,NA,NA,NA,NA,NA,NA,NA,4197056.287718411,64138376.96264205,NA,NA,NA,NA,NA,NA,NA,NA
220302_Smp_OBi1small_1,Obi1_set1,Glucose + NH4,Dissolved,NA,NA,NA,NA,19121092,NA,NA,NA,NA,NA,NA,NA,NA,NA,NA,NA,NA,NA,NA,NA,NA,NA,NA,NA,NA,744246464,NA,NA,NA,NA,NA,NA,NA,NA,NA,NA,NA,NA,NA,NA,NA,NA,NA,NA,NA,NA,NA,NA,NA,NA,NA,NA,NA,NA,NA,NA,NA,NA,NA,NA,NA,NA,NA,NA,NA,NA,NA,NA,NA,NA,NA,NA,NA,NA,NA,NA,NA,NA,NA,NA,NA,NA,NA,NA,NA,NA,NA,NA,NA,NA,NA,NA,NA,NA,NA,NA,NA,NA
220302_Smp_OBi1small_2,Obi1_set1,Glucose + NH4,Dissolved,NA,NA,NA,NA,39163212,NA,NA,NA,NA,NA,NA,NA,NA,NA,NA,NA,NA,NA,NA,NA,NA,NA,NA,NA,NA,1639588096,NA,NA,NA,NA,NA,NA,NA,NA,NA,NA,NA,NA,275941216.65458065,NA,NA,NA,NA,NA,NA,NA,NA,NA,NA,NA,NA,NA,NA,NA,NA,NA,NA,NA,NA,NA,NA,NA,NA,NA,NA,NA,NA,NA,NA,NA,NA,NA,NA,NA,NA,NA,NA,NA,NA,NA,NA,NA,NA,NA,NA,NA,NA,NA,NA,NA,NA,NA,NA,NA,NA,NA,NA,229168336
220302_Smp_OBi1small_3,Obi1_set1,Homarine,Dissolved,NA,NA,NA,NA,24304094,NA,NA,NA,NA,NA,NA,NA,NA,NA,NA,NA,NA,NA,NA,NA,NA,NA,NA,NA,NA,691538560,NA,NA,NA,NA,NA,NA,NA,NA,NA,NA,NA,NA,4248856597080.648,NA,13838451.823643724,NA,NA,NA,NA,NA,NA,NA,NA,NA,NA,NA,NA,NA,NA,NA,NA,NA,NA,NA,NA,NA,NA,NA,NA,NA,NA,NA,NA,NA,NA,NA,NA,NA,NA,NA,NA,NA,NA,NA,NA,NA,NA,NA,NA,NA,NA,NA,NA,NA,NA,NA,NA,NA,NA,NA,NA,133559360
220302_Smp_OBi1small_4,Obi1_set1,Homarine,Dissolved,NA,NA,NA,NA,31514732,NA,NA,NA,NA,NA,NA,NA,NA,NA,NA,NA,NA,NA,NA,NA,NA,NA,NA,NA,NA,624080256,NA,NA,NA,NA,NA,NA,NA,NA,NA,NA,NA,NA,4178088813497.3247,1877699,14156711.24374896,NA,NA,NA,NA,NA,NA,NA,NA,NA,NA,10546490.887503523,NA,NA,NA,NA,NA,NA,NA,NA,NA,NA,NA,NA,NA,NA,NA,NA,NA,NA,NA,NA,NA,NA,NA,NA,NA,NA,NA,NA,NA,NA,NA,NA,NA,NA,NA,NA,NA,NA,NA,NA,NA,NA,NA,NA,NA,NA
220302_Smp_RWi2_1,Rwi_set1,Glycerol + NH4,Dissolved,NA,NA,NA,NA,NA,NA,NA,NA,NA,NA,NA,NA,NA,NA,NA,NA,NA,NA,NA,NA,NA,NA,NA,NA,NA,98032400,NA,NA,NA,NA,NA,NA,NA,NA,NA,NA,NA,NA,NA,NA,NA,NA,NA,NA,NA,NA,NA,NA,NA,NA,NA,NA,NA,NA,NA,NA,NA,NA,NA,NA,NA,NA,NA,NA,NA,NA,NA,NA,NA,NA,NA,NA,NA,NA,NA,NA,NA,NA,NA,NA,NA,NA,NA,NA,NA,NA,NA,NA,NA,NA,NA,NA,NA,NA,NA,NA,NA,1120351232
220302_Smp_RWi2_2,Rwi_set1,Glycerol + NH4,Dissolved,NA,NA,NA,NA,NA,NA,NA,NA,NA,NA,NA,NA,NA,NA,NA,NA,NA,NA,NA,NA,NA,NA,NA,NA,NA,159522400,NA,NA,NA,NA,NA,NA,NA,NA,NA,NA,NA,NA,NA,NA,NA,NA,NA,NA,NA,NA,NA,NA,NA,NA,NA,NA,NA,NA,NA,NA,NA,NA,NA,NA,NA,NA,NA,NA,NA,NA,NA,NA,NA,NA,NA,NA,NA,NA,NA,NA,NA,NA,NA,NA,NA,NA,NA,NA,NA,NA,NA,NA,NA,NA,NA,NA,NA,NA,NA,NA,NA,NA
220302_Smp_RWi2_3,Rwi_set1,Homarine,Dissolved,NA,NA,NA,NA,NA,NA,NA,NA,NA,NA,NA,NA,NA,NA,NA,NA,NA,NA,NA,NA,NA,NA,NA,NA,NA,19863102,NA,NA,NA,NA,NA,NA,NA,NA,NA,NA,NA,NA,4747815016353.549,NA,19632376.913241863,NA,NA,NA,NA,NA,NA,NA,NA,NA,NA,NA,NA,NA,NA,NA,NA,NA,NA,NA,NA,NA,NA,NA,NA,NA,NA,NA,NA,NA,NA,NA,NA,NA,NA,NA,NA,NA,NA,NA,NA,NA,NA,NA,NA,NA,NA,NA,NA,NA,NA,NA,NA,NA,NA,NA,NA,NA
220302_Smp_RWi2_4,Rwi_set1,Homarine,Dissolved,NA,NA,NA,NA,NA,NA,NA,NA,NA,NA,NA,NA,NA,NA,NA,NA,NA,NA,NA,NA,NA,NA,NA,NA,NA,19524322,NA,NA,NA,NA,NA,NA,NA,NA,NA,NA,NA,NA,5193865288306.186,NA,17094473.910665877,NA,NA,NA,NA,NA,NA,NA,NA,NA,NA,NA,NA,NA,NA,NA,NA,NA,NA,NA,NA,NA,NA,NA,NA,NA,NA,NA,NA,NA,NA,NA,NA,NA,NA,NA,NA,NA,NA,NA,NA,NA,NA,NA,NA,NA,NA,NA,NA,NA,NA,NA,NA,NA,NA,NA,NA,NA
220302_Smp_RWi2_5,Rwi_set1,Glycerol + NH4 + Homarine,Dissolved,NA,NA,NA,NA,NA,NA,NA,NA,NA,NA,NA,NA,NA,NA,NA,NA,NA,NA,NA,NA,NA,NA,NA,NA,NA,8559869440,NA,NA,NA,NA,NA,NA,NA,NA,NA,NA,NA,NA,289653185120.4715,NA,6061639.152298328,NA,NA,NA,NA,NA,NA,NA,NA,NA,NA,NA,NA,NA,NA,NA,NA,NA,NA,NA,NA,NA,NA,NA,NA,NA,NA,NA,NA,NA,NA,NA,NA,NA,NA,NA,NA,NA,NA,NA,NA,NA,NA,NA,NA,NA,NA,NA,NA,NA,NA,NA,NA,NA,NA,NA,NA,NA
220302_Smp_RWi2_6,Rwi_set1,Glycerol + NH4 + Homarine,Dissolved,NA,NA,NA,NA,NA,NA,NA,NA,NA,NA,NA,NA,NA,NA,NA,NA,NA,NA,NA,NA,NA,NA,NA,NA,NA,8853207040,NA,NA,NA,NA,NA,NA,NA,NA,NA,NA,NA,NA,258441937703.2624,NA,2278665.370660592,NA,NA,NA,NA,NA,NA,NA,NA,NA,NA,NA,NA,NA,NA,NA,NA,NA,NA,NA,NA,NA,NA,NA,NA,NA,NA,NA,NA,NA,NA,NA,NA,NA,NA,NA,NA,NA,NA,NA,NA,NA,NA,NA,NA,NA,NA,NA,NA,NA,NA,NA,NA,NA,NA,NA,NA,NA
