mass_feature,sample_fraction,experiment_id,timepoint,med_pvalue_h,med_fc_h,med_qvalue_h,core_metabolite
Adenine,Particulate,NA,0,0.45519826083603954,0.8524326845847615,0.5500513712519349,core
Adenine,Particulate,NA,6,0.06752993645710145,0.1750064471428694,0.2921062367679272,core
Adenine,Particulate,NA,12,0.150317716768081,0.44354801896156976,0.4275431362295414,core
Adenine,Particulate,NA,24,0.41973927107946013,0.7288433879451248,0.5316789731759931,core
Adenine,Particulate,NA,48,0.6414657374717362,1.042507100186596,0.6862144685300255,core
Adenine,Particulate,NA,96,0.31717091449463325,1.5158022646890752,0.4801738596975174,core
Adenosine,Particulate,NA,0,0.01933389957320881,0.5621477519712512,0.2909263140789584,non-core
Adenosine,Particulate,NA,6,0.0048966638057983715,0.17775531883433393,0.22769486696962427,non-core
Adenosine,Particulate,NA,12,0.10186648228191234,0.6238272499379015,0.3523869352721393,non-core
Adenosine,Particulate,NA,24,0.20369411619574584,0.5410962702711968,0.4342745373630705,non-core
Adenosine,Particulate,NA,48,0.3770624463084868,0.7357551891726033,0.5250477111110318,non-core
Adenosine,Particulate,NA,96,0.032538025825543236,0.314153771267901,0.2909263140789584,non-core
Citrulline,Particulate,NA,0,0.21812830178666887,1.489942084291352,0.43625660357333773,core
Citrulline,Particulate,NA,6,0.13257640352079827,4.478736548532885,0.4109868509144747,core
Citrulline,Particulate,NA,12,0.24791503185285194,1.360297906115844,0.4486288605432832,core
Citrulline,Particulate,NA,24,0.5257335612684981,0.989679683918647,0.6142078077281145,core
Citrulline,Particulate,NA,48,0.4308430455300702,0.8862975729766777,0.5378309158965977,core
Citrulline,Particulate,NA,96,0.14007811280337676,0.6026955474016127,0.42023433841013025,core
Cytosine,Particulate,NA,0,0.17144651800452007,0.5550120151092655,0.4275431362295414,core
Cytosine,Particulate,NA,6,0.11464631463697235,0.4849451153536159,0.3807895450442296,core
Cytosine,Particulate,NA,12,0.25360991096909097,0.6381296239983508,0.4486288605432832,core
Cytosine,Particulate,NA,24,0.5896852318247874,0.8535643552791577,0.6567751683797033,core
Cytosine,Particulate,NA,48,0.819395061190353,1.0281485056123096,0.829162949443905,core
Cytosine,Particulate,NA,96,0.10248704505013068,0.38606908941461027,0.3523869352721393,core
Deoxyadenosine,Particulate,NA,0,0.1771858597735988,0.38909849831950943,0.4275431362295414,non-core
Deoxyadenosine,Particulate,NA,6,0.08432639707364338,0.10453318490416565,0.3152007382959972,non-core
Deoxyadenosine,Particulate,NA,12,0.15474144365427084,0.30498393411525293,0.4275431362295414,non-core
Deoxyadenosine,Particulate,NA,24,0.5395653532098998,1.3656222785486816,0.6233487931493252,non-core
Deoxyadenosine,Particulate,NA,48,0.3763612208111846,1.472286506506539,0.5250477111110318,non-core
Deoxyadenosine,Particulate,NA,96,0.45274542032386733,0.7843194573374279,0.5500513712519349,non-core
Guanosine,Particulate,NA,0,0.04910109289042242,0.5515114125362154,0.2909263140789584,core
Guanosine,Particulate,NA,6,0.034350968123352504,0.493115932993985,0.2909263140789584,core
Guanosine,Particulate,NA,12,0.2623449799430515,0.8167385790573644,0.4486288605432832,core
Guanosine,Particulate,NA,24,0.3397369017478596,2.03634221191979,0.5013192302353237,core
Guanosine,Particulate,NA,48,0.6169625475130592,1.303151588126613,0.6727722906960734,core
Guanosine,Particulate,NA,96,0.19053361230749663,0.6854748051026427,0.4275431362295414,core
Homarine,Particulate,NA,0,0.39990376466953365,1.3067310800453988,0.5313007159180947,non-core
Homarine,Particulate,NA,6,0.1907853779949029,1.0277080962878684,0.4275431362295414,non-core
Homarine,Particulate,NA,12,0.31753432657416475,0.956261667530699,0.4801738596975174,non-core
Homarine,Particulate,NA,24,0.6435199845824411,1.0557257274313057,0.6862144685300255,non-core
Homarine,Particulate,NA,48,0.3933551897049366,0.9203335825279708,0.527074238813723,non-core
Homarine,Particulate,NA,96,0.054381882073505666,1.530251658037097,0.2909263140789584,non-core
L-Arginine,Particulate,NA,0,0.2869661401830914,0.987049691139219,0.45492134683672153,core
L-Arginine,Particulate,NA,6,0.0587368791884412,1.3292467246102437,0.2909263140789584,core
L-Arginine,Particulate,NA,12,0.2066999873058181,1.5274898437690827,0.4342745373630705,core
L-Arginine,Particulate,NA,24,0.2619038059117904,1.9888903014388821,0.4486288605432832,core
L-Arginine,Particulate,NA,48,0.3830670136445028,1.3752017287457836,0.5250477111110318,core
L-Arginine,Particulate,NA,96,0.2056571077405829,1.245693153052451,0.4342745373630705,core
L-Asparagine,Particulate,NA,0,0.2842375259316061,1.1935199620076986,0.45492134683672153,non-core
L-Asparagine,Particulate,NA,6,0.06182705418999953,1.634938265255903,0.2909263140789584,non-core
L-Asparagine,Particulate,NA,12,0.31337482834270236,1.1252222209734442,0.4801738596975174,non-core
L-Asparagine,Particulate,NA,24,0.3311508228174329,1.200199020728072,0.49672623422614937,non-core
L-Asparagine,Particulate,NA,48,0.248928616553796,0.8902812055259297,0.4486288605432832,non-core
L-Asparagine,Particulate,NA,96,0.24515473732073628,1.2261138190651049,0.4486288605432832,non-core
L-Glutamic acid,Particulate,NA,0,0.1732633091581298,0.988695790152823,0.4275431362295414,core
L-Glutamic acid,Particulate,NA,6,0.2360573689066188,0.7150799088706565,0.4486288605432832,core
L-Glutamic acid,Particulate,NA,12,0.29446245288460865,1.0044865216254946,0.4564168019711434,core
L-Glutamic acid,Particulate,NA,24,0.4028217328794611,1.1124787677817705,0.5313818603941827,core
L-Glutamic acid,Particulate,NA,48,0.129956397071002,0.7117060123312672,0.4096930483933284,core
L-Glutamic acid,Particulate,NA,96,0.250129200211739,1.1439587854701492,0.4486288605432832,core
L-Lysine,Particulate,NA,0,0.19700538053292216,1.0095568348000599,0.4342745373630705,core
L-Lysine,Particulate,NA,6,0.08473138126236483,1.539072512698556,0.3152007382959972,core
L-Lysine,Particulate,NA,12,0.2799578161986612,1.0995147068232631,0.45492134683672153,core
L-Lysine,Particulate,NA,24,0.38011843954464536,1.3225313439610544,0.5250477111110318,core
L-Lysine,Particulate,NA,48,0.38608362249881495,1.175544715077018,0.5250477111110318,core
L-Lysine,Particulate,NA,96,0.21204321515039665,0.8778891782353916,0.4342745373630705,core
L-Phenylalanine,Particulate,NA,0,0.37366953555218374,1.1435714416937053,0.5250477111110318,non-core
L-Phenylalanine,Particulate,NA,6,0.07431525605751582,2.037400185724187,0.2952095713639601,non-core
L-Phenylalanine,Particulate,NA,12,0.1865522959364566,1.347426344887475,0.4275431362295414,non-core
L-Phenylalanine,Particulate,NA,24,0.36323357652421284,1.3997962011681253,0.523732133593051,non-core
L-Phenylalanine,Particulate,NA,48,0.12942221355543182,1.7311412762861849,0.4096930483933284,non-core
L-Phenylalanine,Particulate,NA,96,0.34317983078791814,1.334566552783139,0.5013192302353237,non-core
L-Proline,Particulate,NA,0,0.178561768609099,1.2703369344710984,0.4275431362295414,core
L-Proline,Particulate,NA,6,0.10308485575641749,1.4896793656624288,0.3523869352721393,core
L-Proline,Particulate,NA,12,0.29105182942779495,1.0293158274473746,0.45492134683672153,core
L-Proline,Particulate,NA,24,0.5031221950945534,0.9382561335980089,0.5998764633819674,core
L-Proline,Particulate,NA,48,0.16408963525078135,0.701358364256332,0.4275431362295414,core
L-Proline,Particulate,NA,96,0.2606506318074516,1.2939286741008642,0.4486288605432832,core
L-Serine,Particulate,NA,0,0.22607043979937497,1.9654262666533266,0.44733087024131646,core
L-Serine,Particulate,NA,6,0.13973158466722863,6.480776845597417,0.42023433841013025,core
L-Serine,Particulate,NA,12,0.2893587331840652,1.2683886610269142,0.45492134683672153,core
L-Serine,Particulate,NA,24,0.507191840506595,1.011701030666753,0.6008769575428451,core
L-Serine,Particulate,NA,48,0.2090359687940617,1.4701285641143713,0.4342745373630705,core
L-Serine,Particulate,NA,96,0.24005114408039618,1.355598201917224,0.4486288605432832,core
L-Tryptophan,Particulate,NA,0,0.4216902443336268,0.9001401114133831,0.5316789731759931,non-core
L-Tryptophan,Particulate,NA,6,0.26634771863415396,0.7880155210213238,0.4486288605432832,non-core
L-Tryptophan,Particulate,NA,12,0.393888812876922,1.125793758643796,0.527074238813723,non-core
L-Tryptophan,Particulate,NA,24,0.5434440366865556,1.2098024979014932,0.6239542643438231,non-core
L-Tryptophan,Particulate,NA,48,0.5117621621006567,1.2685645819618956,0.6024541908273554,non-core
L-Tryptophan,Particulate,NA,96,0.1623626234740301,0.6134745316930956,0.4275431362295414,non-core
L-Tyrosine,Particulate,NA,0,0.2726834932073454,1.067998116258117,0.452849372647913,core
L-Tyrosine,Particulate,NA,6,0.16307616342675038,0.8346241009643056,0.4275431362295414,core
L-Tyrosine,Particulate,NA,12,0.04299038388684198,0.5865750858022667,0.2909263140789584,core
L-Tyrosine,Particulate,NA,24,0.2552479811322189,0.7288062408598583,0.4486288605432832,core
L-Tyrosine,Particulate,NA,48,0.2531548842637953,0.8420447232409538,0.4486288605432832,core
L-Tyrosine,Particulate,NA,96,0.05717299462228291,0.48839732051803586,0.2909263140789584,core
N-Methyl-L-glutamic acid,Particulate,NA,0,0.23709906717251744,1.2086925854606316,0.4486288605432832,non-core
N-Methyl-L-glutamic acid,Particulate,NA,6,0.03584312877234866,0.6607193156045663,0.2909263140789584,non-core
N-Methyl-L-glutamic acid,Particulate,NA,12,0.21523104059518944,0.6650014595677297,0.4351410168554917,non-core
N-Methyl-L-glutamic acid,Particulate,NA,24,0.06412891869482418,0.6424048880959006,0.2909263140789584,non-core
N-Methyl-L-glutamic acid,Particulate,NA,48,0.03767643062290496,0.4587103214952093,0.2909263140789584,non-core
N-Methyl-L-glutamic acid,Particulate,NA,96,0.007618195080348597,0.16131050438768396,0.2833968569889678,non-core
glutamic_acid_13C_15N,Particulate,NA,0,0.026527602971307237,2271.173576301238,0.2909263140789584,non-core
glutamic_acid_13C_15N,Particulate,NA,6,0.03181291985718533,21431.806640004295,0.2909263140789584,non-core
glutamic_acid_13C_15N,Particulate,NA,12,0.0522276236912571,29562.7254134194,0.2909263140789584,non-core
glutamic_acid_13C_15N,Particulate,NA,24,0.1426676880844131,40433.13502746934,0.42120936482064825,non-core
glutamic_acid_13C_15N,Particulate,NA,48,0.07400078781569397,5544.736677637562,0.2952095713639601,non-core
glutamic_acid_13C_15N,Particulate,NA,96,0.23832731014792669,7.978305769803864,0.4486288605432832,non-core
homarine_13C_15N,Particulate,NA,0,0.0627232133273734,394.44856863419415,0.2909263140789584,non-core
homarine_13C_15N,Particulate,NA,6,0.05675795075283049,5524.6055395208405,0.2909263140789584,non-core
homarine_13C_15N,Particulate,NA,12,0.03427697172501044,5807.447691399773,0.2909263140789584,non-core
homarine_13C_15N,Particulate,NA,24,0.10311074203281864,7998.001786411985,0.3523869352721393,non-core
homarine_13C_15N,Particulate,NA,48,0.06662617645370958,5558.94806074262,0.2921062367679272,non-core
homarine_13C_15N,Particulate,NA,96,0.03322700516411313,1513.0857272722778,0.2909263140789584,non-core
n-methyl glutamic acid_13C_15N,Particulate,NA,0,0.017077110422088895,219.81454748506002,0.2909263140789584,non-core
n-methyl glutamic acid_13C_15N,Particulate,NA,6,0.03379583000161076,942.926289452071,0.2909263140789584,non-core
n-methyl glutamic acid_13C_15N,Particulate,NA,12,0.04911247178410291,1406.7734168531492,0.2909263140789584,non-core
n-methyl glutamic acid_13C_15N,Particulate,NA,24,0.10420043784928851,2091.2206756452324,0.3523869352721393,non-core
n-methyl glutamic acid_13C_15N,Particulate,NA,48,0.052698731166694934,668.9100668171232,0.2909263140789584,non-core
n-methyl glutamic acid_13C_15N,Particulate,NA,96,0.05132119358156943,17.01859863013618,0.2909263140789584,non-core
n-methyl glutamine,Particulate,NA,0,0.6759623821463923,0.7836055378766416,0.7103333507301072,non-core
n-methyl glutamine,Particulate,NA,6,0.05153779374664334,0.16920790728642754,0.2909263140789584,non-core
n-methyl glutamine,Particulate,NA,12,0.03790300249667959,0.031420035700719676,0.2909263140789584,non-core
n-methyl glutamine,Particulate,NA,24,0.038049829853451414,7.357963889786895e-4,0.2909263140789584,non-core
n-methyl glutamine,Particulate,NA,48,0.038044547623897,4.3934042029944095e-4,0.2909263140789584,non-core
n-methyl glutamine,Particulate,NA,96,0.15162223136916095,0.27481900244249025,0.4275431362295414,non-core
n-methyl glutamine_13C_15N,Particulate,NA,0,0.384513633758259,0.861571916117106,0.5250477111110318,non-core
n-methyl glutamine_13C_15N,Particulate,NA,6,0.07304380694087419,52.09637307342804,0.2952095713639601,non-core
n-methyl glutamine_13C_15N,Particulate,NA,12,0.035158009946923335,105.43237921853193,0.2909263140789584,non-core
n-methyl glutamine_13C_15N,Particulate,NA,24,0.12757259111867814,418.3353132134549,0.4096930483933284,non-core
n-methyl glutamine_13C_15N,Particulate,NA,48,0.1631945915004407,69.80532873302528,0.4275431362295414,non-core
n-methyl glutamine_13C_15N,Particulate,NA,96,0.05489711551908924,0.20835768132155152,0.2909263140789584,non-core
unknown_C6H9NO3_1_neg,Particulate,NA,0,0.154917585950163,3.853569025942366,0.4275431362295414,non-core
unknown_C6H9NO3_1_neg,Particulate,NA,6,0.1778998384149316,408.31317292898297,0.4275431362295414,non-core
unknown_C6H9NO3_1_neg,Particulate,NA,12,0.558020060186285,2.092400115213992,0.6328764097234696,non-core
unknown_C6H9NO3_1_neg,Particulate,NA,24,0.38672869044199654,3.124115138846248,0.5250477111110318,non-core
unknown_C6H9NO3_1_neg,Particulate,NA,48,0.7711626689624634,1.5816602736241878,0.7968680912612123,non-core
unknown_C6H9NO3_1_neg,Particulate,NA,96,0.4158103735435596,0.006569443156423796,0.5316789731759931,non-core
unknown_C6H9NO3_1_neg_13C_15N,Particulate,NA,0,0.4554188772731073,2.555548497111232,0.5500513712519349,non-core
unknown_C6H9NO3_1_neg_13C_15N,Particulate,NA,6,0.18690135701323246,14214.315282935551,0.4275431362295414,non-core
unknown_C6H9NO3_1_neg_13C_15N,Particulate,NA,12,0.5530756824350047,1.5539631743060698,0.6311170363982262,non-core
unknown_C6H9NO3_1_neg_13C_15N,Particulate,NA,24,0.7791370841513643,0.9139877470668557,0.800660208022949,non-core
unknown_C6H9NO3_1_neg_13C_15N,Particulate,NA,48,0.8487379611978539,0.9511374556140272,0.8487379611978539,non-core
unknown_C6H9NO3_1_neg_13C_15N,Particulate,NA,96,0.4695934536047853,6.4979393505479255,0.5635121443257424,non-core
unknown_C6H9NO3_2_neg,Particulate,NA,0,0.3449938788716206,2.5822591238377712,0.5013192302353237,non-core
unknown_C6H9NO3_2_neg,Particulate,NA,6,0.18485978591307184,259.29305031573944,0.4275431362295414,non-core
unknown_C6H9NO3_2_neg,Particulate,NA,12,0.6200341114420614,0.6900202200744642,0.6727722906960734,non-core
unknown_C6H9NO3_2_neg,Particulate,NA,24,0.2677301264532497,2.0997873343665336,0.4486288605432832,non-core
unknown_C6H9NO3_2_neg,Particulate,NA,48,0.026107127903963828,4.95683493799543,0.2909263140789584,non-core
unknown_C6H9NO3_2_neg,Particulate,NA,96,0.21246765000021192,2.195349159370365,0.4342745373630705,non-core
unknown_C6H9NO3_2_neg_13C_15N,Particulate,NA,0,0.4554188772731074,2.555548497111232,0.5500513712519349,non-core
unknown_C6H9NO3_2_neg_13C_15N,Particulate,NA,6,0.18572537646948512,11819.120893215159,0.4275431362295414,non-core
unknown_C6H9NO3_2_neg_13C_15N,Particulate,NA,12,0.07657890762378342,553.3876270773521,0.29674326704216075,non-core
unknown_C6H9NO3_2_neg_13C_15N,Particulate,NA,24,0.06056626617103344,1112.1959109333802,0.2909263140789584,non-core
unknown_C6H9NO3_2_neg_13C_15N,Particulate,NA,48,0.018375386925623117,794.9054732266634,0.2909263140789584,non-core
unknown_C6H9NO3_2_neg_13C_15N,Particulate,NA,96,0.05076856937076421,0.31600079854357666,0.2909263140789584,non-core
unknown_C6H9NO4_neg,Particulate,NA,0,0.4344146362304081,0.04766413617738833,0.5386741489257061,non-core
unknown_C6H9NO4_neg,Particulate,NA,6,0.28504170032038795,3.695494817933008,0.45492134683672153,non-core
unknown_C6H9NO4_neg,Particulate,NA,12,0.5701608091181346,0.32776334277176095,0.6427267302786244,non-core
unknown_C6H9NO4_neg,Particulate,NA,24,0.42221965453469057,0.01704700047363758,0.5316789731759931,non-core
unknown_C6H9NO4_neg,Particulate,NA,48,0.6221335161275517,0.4116338628085426,0.6727722906960734,non-core
unknown_C6H9NO4_neg,Particulate,NA,96,0.41787686466412716,0.00589380522849413,0.5316789731759931,non-core
unknown_C6H9NO4_pos,Particulate,NA,0,0.8202472188047232,0.9843545892288565,0.829162949443905,non-core
unknown_C6H9NO4_pos,Particulate,NA,6,0.6063361193213219,0.9449291368356552,0.6673285100222833,non-core
unknown_C6H9NO4_pos,Particulate,NA,12,0.6521958854413797,0.8929629627804482,0.6892524698414582,non-core
unknown_C6H9NO4_pos,Particulate,NA,24,0.8260852077386427,1.0356409279299539,0.8305505331858786,non-core
unknown_C6H9NO4_pos,Particulate,NA,48,0.8005926764230955,1.0551581839200783,0.8181881198609656,non-core
unknown_C6H9NO4_pos,Particulate,NA,96,0.2757426614498802,0.21200653543451725,0.4538773011475904,non-core
unknown_C6H9NO4_pos_early,Particulate,NA,0,0.6017293573587987,0.8411265436068034,0.6662003599329558,non-core
unknown_C6H9NO4_pos_early,Particulate,NA,6,0.07459596695755981,0.12416675664296076,0.2952095713639601,non-core
unknown_C6H9NO4_pos_early,Particulate,NA,12,0.20618043806947797,0.42077687880272807,0.4342745373630705,non-core
unknown_C6H9NO4_pos_early,Particulate,NA,24,0.6831290875634852,1.0361297346865497,0.713831518465215,non-core
unknown_C6H9NO4_pos_early,Particulate,NA,48,0.3345877738951778,1.3741276966332627,0.4978666075560246,non-core
unknown_C6H9NO4_pos_early,Particulate,NA,96,0.17698733627342622,2.062078877488892,0.4275431362295414,non-core
unknown_C7H11NO3_pos,Particulate,NA,0,0.26503938178426073,0.9542361087640012,0.4486288605432832,non-core
unknown_C7H11NO3_pos,Particulate,NA,6,0.05627697349365325,0.5109028960554436,0.2909263140789584,non-core
unknown_C7H11NO3_pos,Particulate,NA,12,0.04233555686707968,0.4054094560618354,0.2909263140789584,non-core
unknown_C7H11NO3_pos,Particulate,NA,24,0.001019325329535579,0.09569026551616427,0.11603492741897425,non-core
unknown_C7H11NO3_pos,Particulate,NA,48,0.0016553798234627314,0.03141426721940303,0.11603492741897425,non-core
unknown_C7H11NO3_pos,Particulate,NA,96,0.0018715310874028105,0.07170969833121607,0.11603492741897425,non-core
unknown_C7H9NO5_pos_13C_15N,Particulate,NA,0,0.42305638725831707,0.03697480544027276,0.5316789731759931,non-core
unknown_C7H9NO5_pos_13C_15N,Particulate,NA,6,0.5283508023467651,4.193554789410747,0.6142078077281145,non-core
unknown_C7H9NO5_pos_13C_15N,Particulate,NA,12,0.5857255564383259,2.8783329043012014,0.6562949005875218,non-core
unknown_C7H9NO5_pos_13C_15N,Particulate,NA,24,0.7229625781701117,0.6167979930700176,0.7512348577633562,non-core
unknown_C7H9NO5_pos_13C_15N,Particulate,NA,48,0.6456318924341637,0.4564803234016742,0.6862144685300255,non-core
unknown_C7H9NO5_pos_13C_15N,Particulate,NA,96,0.4112562257506137,0.009800729152825824,0.5316789731759931,non-core
