ID,RT,mz,MS2,add_annotation,pseudo_ID,adduct_group_ID,nm_theroetical,220302_Poo_TruePooBacteria_Full1,220302_Poo_TruePooBacteria_Full2,220302_Poo_TruePooBacteria_Full3,220302_Poo_TruePooBacteria_Half1,220302_Poo_TruePooBacteria_Half2,220302_Poo_TruePooBacteria_Half3,220302_Smp_MQBlk1_A,220302_Smp_MQBlk1_B,220302_Smp_MQBlk1_C,220302_Smp_MQBlk2_A,220302_Smp_MQBlk2_B,220302_Smp_MQBlk2_C,220302_Smp_MQBlk3_A,220302_Smp_MQBlk3_B,220302_Smp_MQBlk3_C,220302_Smp_OBi1_1,220302_Smp_OBi1_2,220302_Smp_OBi1_3,220302_Smp_OBi1_4,220302_Smp_OBi1_5,220302_Smp_OBi1_6,220302_Smp_OBi1_7,220302_Smp_OBi1_8,220302_Smp_OBi1_9
HILICPos_0,7.92,81.04549,NA,NA,NA,NA,NA,5459464,5605239,5419731,4613577,3678470,5091689,449875,715683,841672,391736,950349,1072487,361598,1422690,517974,5855172,5600885,5256126,9558497,11047789,9610609,7923168,9206914,9843632
HILICPos_1,11.291,84.04507,NA,in adduct group of HILICPos_43,HILICPos_43,3,147.05330354499998,7891520,9080479,12453899,5131838,6360226,10868063,5042405,5343900,4893763,5791907,8052638,6819842,5567611,5227416,5295843,14787936,18408618,19679282,7860154,7998829,6848944,20110788,19187766,29621352
HILICPos_2,5.525,93.05794,55.4591:7690 58.87902:7666 65.03931:9776 66.04719:55798 66.39327:6257 66.80581:7393 67.04243:27479 75.99561:20106 80.24786:6914 84.02685:8108 92.0501:32714 93.02194:29551 93.05792:918400,NA,NA,NA,NA,87976096,89699448,84245456,64767120,65757764,58245532,7692270,7812979,7274358,7866292,7871531,7685782,7518450,7140612,7228900,8800935,7283632,7662670,136321648,152540032,144766688,28627536,29841616,25986376
HILICPos_3,5.699,94.06577,52.25986:53783 53.03941:117447 55.9665:52712 59.25804:56625 59.74887:49915 62.78395:54515 63.9495:53832 65.03938:162391 67.05503:985131 70.42273:52805 70.46085:50921 72.36537:55810 77.03931:68554 78.03457:843123 79.04243:947869 80.05:127846 80.06693:51638 81.91175:56809 86.15447:69948 93.05793:751326 93.82858:176510 93.99769:76197 94.06573:145356816 94.1324:97828 94.30389:156069,in adduct group of HILICPos_23,HILICPos_23,1,137.047823545,5464991744,5499571200,4975480320,3288320512,3345895936,3013119488,18850680,16926484,12354368,114128336,76207960,61774072,38288268,32978366,28940564,172411072,52487312,94558424,9856353280,10921887744,10499494912,703574336,692770432,409124960
HILICPos_4,4.791,96.04504,NA,NA,NA,NA,NA,568266176,578382144,573187840,285971872,310568640,326087712,219891248,559360064,799556736,827302528,227542096,806530240,681336000,596739968,520840576,1285222912,1128679680,81883376,370003552,784642944,473503040,170377840,1278018432,85519752
HILICPos_5,9.46,97.07661,NA,in adduct group of HILICPos_34,HILICPos_34,9,142.07435354499998,9079578,9937339,8956721,5705281,5792927,6163860,3009641,3287045,3173822,3679155,3587085,3773983,3634016,3707936,3674529,18130512,21582074,24772234,5851034,6202379,5588030,12415459,11225717,20797716
HILICPos_6,9.473,98.06068,52.74517:6955 55.05495:7699 56.96571:37980 68.05029:17950 68.39014:7006 70.06593:194380 70.29419:7467 72.6542:6865 77.5303:6968 87.74315:6951 94.68327:6747 98.06065:468006 98.07189:92090 98.09718:42795,NA,NA,NA,NA,17243144,22673834,25866508,10110040,12356950,15312794,2385836,2314474,2439110,3327064,2960885,3339922,2905538,2901248,2988973,4214432,4421274,4756182,13361738,14194409,12525038,4651901,3958044,5460952
HILICPos_7,4.579,106.02929,NA,NA,NA,NA,NA,4467720,9081471,7304033,3013572,5015950,5300217,69029,17215,48168,33081,61952,8409,33464,66322,27950,73853,43205,71087,20420592,14252688,20875696,3022708,2948354,3584982
HILICPos_8,4.421,112.05099,NA,NA,NA,NA,NA,62268984,62556688,55864452,31680596,33226568,31789124,31486488,24502176,32686278,84118384,62467292,2454674,51030748,1987545,29798398,32317432,3284374,54916724,3487255,4816336,1807054,48683776,5222764,35472176
HILICPos_9,9.051,116.07109,NA,NA,NA,NA,NA,6967172,7934089,10640136,4029282,4797458,9827648,8548552,6901369,9175917,8193756,7352454,6814034,7643164,7717899,10455476,5694858,5782629,9884722,9757420,4708170,12592900,5726190,9681294,5305084
HILICPos_12,4.659,120.10228,NA,NA,NA,NA,NA,6534245,6437766,6276110,3034779,3151414,3259140,1291448,998179,1544971,9083243,4055899,5150333,2397050,1841198,1308008,3571507,2831633,3221274,19680198,3088910,13650759,3075969,9572515,2279814
HILICPos_14,4.003,124.03967,65.2932:7721 78.03452:107796 80.05013:11242 83.06109:29824 96.04497:3089588 96.1151:9367 98.19997:7172 99.46644:8531 106.02922:178799 107.06089:31633 110.0603:8915 119.06058:12286 124.0396:5101514 124.08723:590997 124.11235:9160 124.40012:7747,NA,NA,NA,NA,220007808,328862528,351953824,146182928,218875712,261447456,134176784,196481264,321835040,212882032,35745924,99198656,35739088,19015506,15974340,222290304,93792024,9492828,750070656,624826560,812233344,121181224,122355536,109651848
HILICPos_15,7.965,127.05059,53.12621:6391 60.90122:6366 62.00115:6613 79.91062:6680 81.04546:694611 81.89709:6312 85.05167:7902 85.21592:6753 86.80621:7145 98.18603:7080 99.05596:8809 124.06316:8268 127.05055:310481 127.06175:20186 127.07303:112695,NA,NA,NA,NA,17792636,18726018,19345664,9446960,10934046,12515771,2185844,3359264,4224457,5256080,5654975,3172753,859717,401751,906430,3027542,21284784,21990366,49272748,59126884,55924772,44662140,43999360,42869988
HILICPos_16,6.931,127.0731,51.03814:7170 51.07751:7083 54.06812:6692 55.64022:7647 60.05643:8081 61.09892:6749 64.90207:6893 66.17437:7833 68.02525:8775 74.92873:6476 77.597:7043 77.79092:7685 80.40842:8552 85.04866:11996 85.05158:230035 85.05439:15442 88.62476:8248 90.81483:7546 96.67609:6966 98.1278:7535 98.91754:7656 99.0196:8133 106.27604:8279 123.96918:7084 127.05055:35942 127.07301:1628707,NA,NA,NA,NA,38594976,38682880,38945368,22024396,23385036,23601650,15468916,11159351,17073086,16375764,13302246,12473271,11741476,9933654,8965155,161196672,12132376,14364686,18996860,117206960,16897916,11738780,28448292,10179751
HILICPos_17,11.073,129.06616,NA,NA,NA,NA,NA,1229034,1539736,1523343,821614,1020489,1071948,690044,669092,754323,864493,901452,783024,703334,743318,797795,2228288,2821514,2916726,1994074,1078772,1193390,1685391,2013689,2536560
HILICPos_18,11.295,130.05017,NA,in adduct group of HILICPos_43,HILICPos_43,3,147.05330354499998,3986053,4778957,9750651,2228024,2436024,5158903,647514,489597,1748826,556821,486654,528422,827868,846711,845212,13971654,15897332,20288172,4149683,2644346,3478601,15108278,16833504,29798900
HILICPos_19,10.59,130.05023,NA,NA,NA,NA,NA,13461187,4955156,6825752,7050928,247383,3704969,12638961,12608693,13025341,888466,924203,889781,1440691,1203052,1191175,8520951,14309601,18327446,1244850,10767136,1286654,13561969,20691802,28170608
HILICPos_20,8.689,130.08656,NA,NA,NA,NA,NA,1764996,2007965,2211972,1193127,1261358,1459612,1080842,942215,1133518,922383,931104,940247,1046793,1104219,1016825,2075725,2104751,2334960,3561549,3489753,3536764,2588044,2628055,3385790
HILICPos_21,2.193,134.06039,NA,NA,NA,NA,NA,1079796,1187678,840624,715408,728043,685116,1111824,1389614,1611346,1392784,874439,972350,1031065,936962,987526,1535373,1484155,1084553,1044192,965743,1041476,1020540,1728481,1183454
HILICPos_23,5.615,138.0551,52.18523:493177 58.03613:412604 59.35472:461832 66.13228:486149 67.0551:843656 77.20556:402922 78.03458:17704082 79.04261:767062 79.5208:426511 83.127:520786 92.05012:1126080 93.05815:1495226 94.06578:60488940 96.04503:65844392 98.43803:479213 106.02928:11072619 110.06049:1851669 124.03972:32011442 137.63354:2007063 137.93677:616893 138.05513:1309693568 138.17639:723703 138.47224:1031426,[M+H],HILICPos_23,1,137.047823545,74378338304,75959541760,69932466176,57293787136,58456190976,53626298368,22599172,13343438,29753642,95007696,49857672,58954200,20767176,28605172,11211588,129572088,44045920,45375868,101543911424,112466231296,107958247424,28930822144,29373204480,22884110336
HILICPos_34,9.469,143.08163,52.28625:10499 52.85187:8474 56.05033:106730 57.27992:8508 61.80504:8563 62.52309:8699 65.6118:10495 68.04813:15577 68.05023:284233 70.1653:8709 73.07677:149115 73.21148:8537 80.6215:10052 84.04505:30951 87.5862:9726 93.63763:9279 96.82823:11349 97.07658:6955230 100.11255:12904 101.07147:944755 102.0554:36060 125.0711:51675 142.63762:25664 142.95662:13067 143.08163:14967626 143.15442:19496,[M+H],HILICPos_34,9,142.07435354499998,566730880,596519680,535951712,266591792,280314752,281380736,1918181,718208,6339943,2001740,1011468,1642283,855283,1169440,1142082,1187975168,1567202176,1781899392,295942368,287789248,267820192,767026112,682682880,1427683072
HILICPos_35,9.222,144.06583,52.60687:8024 57.54947:7957 61.03299:8268 64.21754:7919 70.06582:21259 77.72617:7854 77.72945:7071 84.0448:8255 88.07629:16486 89.71011:7157 91.25063:8422 98.06063:761008 98.09698:8306 99.01942:9723 99.05583:22335 99.8882:6737 116.07091:19080 120.81936:7288 123.99976:9187 124.02328:6774 127.05048:29921 132.26212:7433 140.7506:7629 144.06577:239716 144.08041:10183 144.13852:11611,NA,NA,NA,NA,50509916,57554108,47097288,25916628,28781116,24888858,4436726,4102931,4256989,4851985,4942969,5082906,6865050,6440418,6110544,85018744,110665576,124469736,31426194,66367944,28707670,54681832,49602380,102881416
HILICPos_36,2.442,144.98242,NA,[M+H],HILICPos_36,10,143.97514354499998,66525052,55782448,26353146,56942276,49292084,22300274,109242584,49375280,41960956,40645664,36061672,15270285,20321204,7354518,19841950,40265948,93682496,24927370,235771600,54016120,73354848,31371850,27709550,114728344
HILICPos_39,4.087,146.08138,NA,NA,NA,NA,NA,9789336,11354785,12590970,5029042,6039026,6821930,2667617,3829671,3767341,3665462,2579438,15160849,7011052,10979635,12096213,3723730,35692996,3436166,1720791,1165648,7713788,2585501,60150096,2159014
HILICPos_41,3.346,147.05563,NA,NA,NA,NA,NA,7949370,8666537,7898596,4204442,4335362,5299150,2616043,7823122,15439610,9959830,2740242,6863261,15400182,6844762,6807079,17300748,19170468,1346025,5601600,14601003,3716852,1564376,15308339,1321785
HILICPos_42,10.793,147.07669,NA,NA,NA,NA,NA,6350654,7939672,11530824,3778555,4455114,6481006,1157698,82261,1456107,1381874,1401252,1386611,2257614,2496152,2087138,14687767,23811618,31309202,1940105,1163551,2218695,22557034,34237300,49117636
HILICPos_43,11.3,148.06058,53.68045:6913 56.98752:7254 57.50726:6741 61.83737:7145 64.28072:6465 65.84127:7899 82.09207:7877 84.0451:255754 89.47714:6492 102.05559:44513 106.8399:6871 130.05011:18767 144.55798:7392 148.08713:11118 148.11258:12045,[M+H],HILICPos_43,3,147.05330354499998,17815890,21801764,48089492,9567532,10866797,24193700,1499205,1221465,7290378,1207714,1068155,1144412,2786465,2747041,2684252,69835800,77171744,101038088,19315144,12402814,16333551,75608312,81028608,150848928
HILICPos_45,7.778,153.06613,NA,NA,NA,NA,NA,2126686,2331079,2228133,1282535,1457049,1389021,615806,728094,896619,966054,796921,901765,893255,787767,759852,1033493,762146,912065,3903592,4674848,3876180,878894,1388004,1056638
HILICPos_50,7.623,157.0611,NA,NA,NA,NA,NA,2070125,2127264,1544183,1002286,1089706,710415,386718,349884,530889,506612,108296,181818,150995,109197,162945,3813432,2515544,3385609,2740932,4784032,2917740,2441117,2743692,2898720
HILICPos_51,11.109,159.07674,53.03933:9272 56.05029:13564 56.68759:7682 57.24014:8356 60.04524:39086 65.98367:6957 67.34306:6825 69.9676:7487 70.0659:11546 72.04518:134742 72.08152:14399 72.21965:6570 72.67627:6906 75.84938:9475 78.04269:10102 79.01734:6416 79.10047:6632 81.10565:7042 82.02978:7129 83.06112:227429 84.0451:136226 89.07163:10474 89.14362:7890 95.061:27206 96.04513:38366 96.05317:38431 96.05594:7347 96.08118:8786 99.05587:17239 100.03983:20345 105.49686:6835 106.04847:16972 108.18807:7503 113.07142:881596 117.0663:46862 117.96007:8895 123.92254:7508 124.00934:7300 130.6956:6880 141.06587:11778 152.55998:7811 159.07671:614263,NA,NA,NA,NA,34519852,38089492,36925728,16470506,19122044,20087928,810799,348299,1906372,1002490,416949,486525,628565,653816,643737,75865160,84060360,91350264,101914128,103045072,98302352,79572088,85839192,160505856
HILICPos_52,8.019,159.07684,NA,NA,NA,NA,NA,2809490,2813062,2604314,1489200,1488017,1429647,288640,274763,628578,260923,191510,219846,156497,263979,147491,8212694,4753850,7322280,1279019,1419256,1096210,4645197,5754297,8439960
HILICPos_54,9.023,161.09235,51.43867:9472 53.55862:7397 55.64712:7316 56.05023:7505 57.83257:6681 79.23779:6709 80.70049:6982 84.04513:167698 98.06055:10327 99.78181:6901 115.08708:233608 116.07099:19959 123.96461:7742 126.59928:8533 130.05019:145984 143.25133:7034 144.06581:502757 161.09137:123998,[M+H],HILICPos_54,11,160.085073545,23744416,29020962,33092592,13377370,15915964,17968586,1319262,1270531,1389913,1258226,1183880,1248096,1202817,1243202,1182570,18946722,19538020,24519212,100301296,151042272,58302344,45469556,51859604,84258424
HILICPos_55,10.738,161.09242,NA,NA,NA,NA,NA,2523902,3014482,3525448,1720234,1967349,2219788,990601,951554,990806,1022516,914245,969261,970179,970035,891084,4778218,3933014,5334482,2433100,2745609,2765194,3036145,2929931,6126636
HILICPos_56,2.456,162.009,NA,in adduct group of HILICPos_36,HILICPos_36,10,143.97514354499998,2073279,1779477,521445,1852132,1606395,356517,3594670,1507596,1287675,1239638,1031304,229302,360441,19177,365590,1113057,2982122,499563,7519562,1727026,2291697,794223,740333,3337250
HILICPos_57,9.625,162.07634,50.87603:6919 56.23383:6661 64.62101:6831 70.0658:9967 85.02905:24446 98.06065:830529 111.04248:7651 113.27261:8260 115.21786:7880 116.07106:670517 123.94756:8471 131.03412:14325 138.99298:9411 144.0658:411341 162.07637:372415 162.08427:11388,[M+H],HILICPos_57,4,161.06906354499998,133029720,173205904,202198432,70698416,88679680,108666000,588999,135845,376206,281987,127192,262908,406685,293091,292971,1077715,1605186,1624621,95226632,108422536,88132312,2689700,3170728,5685741
HILICPos_59,2.923,167.09302,NA,NA,NA,NA,NA,7779224,8132860,7486719,4315418,4471276,4363035,2691361,2576486,2687696,3017417,2382452,2277504,2359554,1954168,2297236,8797136,4724040,6193138,8371730,14928759,8230337,4646838,7449609,5517079
HILICPos_60,7.182,168.0658,NA,NA,NA,NA,NA,14246098,14916509,14665162,7500514,7633228,7365360,698325,1137492,2700775,867025,597494,1152611,855411,823674,522322,1287783,1741455,1324681,19905630,75910200,26871150,2666395,8226086,2337618
HILICPos_61,3.47,170.08145,52.503:6607 56.10545:6741 66.09245:7572 74.3336:7446 88.83388:7533 92.50839:7529 95.0496:21771 96.08139:8548 105.04512:16247 115.9645:7730 119.95764:16039 120.96543:12720 124.07611:63455 125.10785:6988 134.0603:761215 141.00179:7416 145.21107:6979 152.0708:1056982 164.10143:7951 170.08182:44905 170.09644:9991 170.11778:9315,[M+H],HILICPos_61,12,169.07417354499998,36630672,37888392,35246372,18106544,18031848,17787734,612110,449680,509785,347287,203032,185842,190246,88128,134067,1169893,22406762,11875450,31200894,82197296,3400879,10940132,43350788,15206016
HILICPos_63,7.037,175.10796,NA,NA,NA,NA,NA,1059340,586953,3197,423693,473920,78877,1293302,1429598,1238451,1082216,786071,781130,163818,261461,247516,1865974,578177,869590,0,0,65445,604080,1167189,749755
HILICPos_64,11.535,175.10806,NA,NA,NA,NA,NA,663004,859201,914853,428926,472995,566939,178194,146342,161938,248178,220381,251710,261284,186810,191761,1921300,1376720,2229076,847811,1062591,1185478,1544205,1777368,2449752
HILICPos_65,3.707,180.06583,NA,NA,NA,NA,NA,2855941,2953417,2573434,1506194,1463835,1436728,457280,438576,762105,371352,204136,436081,162401,116557,155582,572587,366401,124041,5104169,15833648,8618422,637634,1136774,515986
HILICPos_66,7.327,181.06097,NA,NA,NA,NA,NA,1817297,2014632,2059641,984361,1138859,1153923,106156,255007,490565,384267,43104,226502,430049,108548,18790,380947,437820,21135,2160034,16400042,5310436,85792,791443,150198
HILICPos_67,9.015,183.07433,NA,NA,NA,NA,NA,1279764,646335,584369,658450,244016,288006,11528,13879,13823,32296,7842,8010,15501,10522,7678,1399887,2286729,2110595,2066383,1893329,1440500,1965876,868691,2573527
HILICPos_70,8.544,189.95007,NA,NA,NA,NA,NA,1793978,1898033,1947694,970637,1004135,795126,138951,95812,486506,1127702,98631,317670,2809534,1516590,434031,1385280,4992571,316054,267192,4717756,866491,252293,5527120,235593
HILICPos_71,8.547,191.94804,NA,NA,NA,NA,NA,1694368,1854433,1897961,858776,936027,891120,101212,322443,441745,1081709,106239,286807,2760084,1487762,338877,1427305,5058203,258683,293701,4763798,864894,283726,5321548,198007
HILICPos_72,11.163,192.02457,NA,in adduct group of HILICPos_43,HILICPos_43,3,147.05330354499998,227002,363338,644091,108514,157644,247471,0,0,40350,0,0,5794,8673,6811,0,1706502,2257982,2387716,220445,26705,143481,2846669,2554613,3924021
HILICPos_78,9.554,201.13489,NA,NA,NA,NA,NA,1341522,1319344,920066,696820,536432,448106,50238,33330,31177,16117,33769,16382,15928,0,0,2429030,3225309,3412744,579661,759241,570029,1525875,1401817,3044768
HILICPos_79,14.062,202.99754,NA,NA,NA,NA,NA,5932339,4207637,383582,5856345,5161392,359163,8006764,6734828,6906874,3535364,3715057,2995877,237279,258186,286153,1367388,1557147,765847,5265684,17395022,8076611,1791976,2196628,950811
HILICPos_80,9.405,203.10303,NA,NA,NA,NA,NA,701393,851665,1009313,447015,565629,615232,324300,344165,353545,415799,506223,496046,799991,730568,770203,2895242,1308316,2240009,1408862,1824109,1514300,1546984,2232148,2397726
HILICPos_81,10.529,203.13942,NA,NA,NA,NA,NA,955167,1027406,1109652,459218,559760,608256,39553,27411,41656,48002,63078,46572,311817,103661,76620,1589947,1267115,4917336,672399,1013660,672202,2235206,1782759,6425444
HILICPos_82,11.758,204.03287,NA,NA,NA,NA,NA,1155068,1272737,1855770,606468,630754,880787,655548,407023,580179,441122,159908,1039698,289437,333348,573149,259720,692083,3463099,1739706,1758128,2134516,411278,1819417,328659
HILICPos_84,11.037,217.08218,NA,NA,NA,NA,NA,3068708,3610086,5373401,2036779,2266555,2560948,1709783,1562085,3333453,788831,635546,853883,993140,968935,1146741,3156680,2809226,2916749,2599030,2515114,2867608,1945219,1842207,2662766
HILICPos_85,9.493,219.13428,NA,NA,NA,NA,NA,3879050,5171686,8460817,2151513,2529340,4480641,38194,28774,11534,1079618,1092526,64654,231623,597740,1538196,744898,2923826,1491732,2854979,4589764,1895511,657830,1230828,10612144
HILICPos_86,9.639,223.03841,NA,NA,NA,NA,NA,673814,764430,957409,295569,338307,455939,302397,165934,245871,361141,399540,518181,332081,373412,496725,323466,443329,2061060,202943,698523,669820,582998,698356,261303
HILICPos_87,8.845,224.12846,NA,NA,NA,NA,NA,8313777,8880852,7820756,4133266,4394402,4130646,2519214,2052569,2557698,5759162,7675421,6342686,5076343,3896937,2856961,2536266,6207398,5534664,23905212,2496352,23711564,6823108,6633423,3328224
HILICPos_88,5.553,227.39883,NA,NA,NA,NA,NA,29323604,0,29763348,20988400,23914998,22296854,2870862,2670090,2518416,10743,0,0,3456126,3319221,3000130,0,0,2630640,42278900,0,45764048,11480038,12813402,0
HILICPos_89,5.588,231.11316,55.92361:8351 57.67964:8137 60.38469:7324 62.34316:7235 65.37768:7494 66.92495:7160 70.06582:40819 76.48457:8207 77.82674:7734 80.05018:55733 93.058:28079 94.06573:4470551 95.0735:9259 96.04494:51681 105.20627:7065 106.06559:20388 107.07364:15652 108.08137:69526 109.62587:7901 117.84998:9076 119.52251:7029 120.08116:13326 123.31046:8567 124.0398:13301 130.06558:30778 131.07332:18171 132.08095:12650 138.05516:2022803 143.07271:11555 144.08116:45894 146.09665:34148 153.29921:7739 154.06541:22804 155.07312:13879 156.08102:99902 157.07642:31449 157.0891:16288 158.09674:23116 159.092:14440 171.09158:31114 172.09967:113888 183.2998:9235 185.10756:28140 186.11534:115749 187.12317:119416 207.88385:7767 213.10214:16378 214.78798:7228 218.15196:8381 218.17564:45743 218.19127:22209 218.33954:7916,NA,NA,NA,NA,538772480,547973184,507284640,311581344,315624928,289352448,26423330,28435800,26512264,26139796,25888960,26283322,27474886,28279714,29578096,19586024,26478316,28463282,1053491392,1157651328,1105219328,46340388,49516696,20298928
HILICPos_90,2.457,233.91524,NA,NA,NA,NA,NA,6662064,4715381,1221231,5431609,4169208,970579,17267950,3332969,2325118,2213210,1604071,166934,755653,0,560712,1905967,15122307,941717,69110008,2948623,8980646,1444736,1033697,16711217
HILICPos_91,8.775,235.12929,NA,NA,NA,NA,NA,2724822,3637828,4692514,1527130,1752008,2452268,183960,0,13098,16236,9112,0,7830,16306,156715,31369,2942925,23697,1325458,2788634,294629,33897,268232,671968
HILICPos_92,2.471,235.91342,NA,NA,NA,NA,NA,6053634,4112008,1107457,4783056,3717922,873132,17216380,2710737,1872980,1912620,1316705,102450,8107,0,489510,1613117,13835852,830251,73829704,2772354,8043873,1169186,768448,16660760
HILICPos_93,2.506,237.91159,NA,NA,NA,NA,NA,1188896,730937,146032,988913,735064,175261,3502457,511691,308632,253871,212370,0,41733,0,56360,234135,2683787,176050,16209019,194424,1598070,98394,57836,3450570
HILICPos_94,14.118,244.02417,NA,NA,NA,NA,NA,12895811,12432525,563012,9420183,9446262,336981,11890827,11651072,9768260,9749818,10233644,9231306,652997,599174,578267,1812784,3833870,1625560,12495026,30123348,13518621,1235970,5485998,1647598
HILICPos_95,14.06,246.02161,NA,NA,NA,NA,NA,1865027,1756354,6129,1336206,1398987,15304,1842652,1793926,1545793,1577782,1415857,1380690,14655,7040,15535,239343,587753,238976,1810415,5271682,1909832,376850,1030049,439070
HILICPos_97,4.047,258.17047,NA,NA,NA,NA,NA,1245175,1406392,1390621,775652,780118,711454,342915,328625,289204,1684712,1051868,933948,201773,25680,116267,596063,1266697,986916,211263,1287555,784144,1171052,2899418,600371
HILICPos_98,2.232,267.14548,NA,NA,NA,NA,NA,722141,752947,739323,343423,380932,367111,621956,543655,660148,328996,126838,74868,165735,88834,174846,1068247,494464,837412,1132519,2417608,1052913,481824,1025841,497852
HILICPos_99,5.633,275.10287,50.05155:48853 55.8474:54525 57.24249:60827 65.50924:60655 67.98434:57229 69.04348:52685 78.03468:116844 80.52166:56741 94.0658:4333092 94.37031:52127 96.04499:497697 96.15302:47769 124.03992:290853 138.05522:21781238 170.63765:55279 217.18198:368257 217.19803:163603 217.20949:57598 245.46635:52461,in adduct group of HILICPos_23,HILICPos_23,1,137.047823545,9004306432,9097083904,8584629248,5102687744,5293167616,5193407488,94416,207960,217376,257307,959762,581068,869226,860548,966873,181265,698312,199712,17025838080,18946856960,18027452416,772056640,736910336,210673936
HILICPos_100,13.935,276.96509,NA,NA,NA,NA,NA,1900081,1668236,389222,1699033,1626002,219205,2236522,2005951,1925468,1514868,1432146,1457645,25497,64144,171147,520477,822337,669069,1747831,4538564,2201530,842107,1126799,493183
HILICPos_101,5.524,297.08508,53.55473:6504 59.96666:7258 64.45039:6689 64.49075:6878 85.57753:6827 96.26559:7392 102.96285:7055 116.04742:30420 124.0506:8086 143.85033:6243 149.31926:6583 149.70876:6539 151.5638:6369 154.15993:7242 160.03719:616088 196.32565:8210 210.74921:7620 216.75717:7759 216.77824:45193 216.79393:38133 217.11919:14083 217.12823:14123 217.13737:17305 217.14655:11991 244.31331:8384 246.68929:6501 252.21696:7034,in adduct group of HILICPos_23,HILICPos_23,1,137.047823545,73054872,74880160,64927568,57960656,54429572,40579552,7884,0,0,0,0,9288,0,28278,8559,0,10292,0,98696216,94824896,100546256,11722776,16056866,2584360
HILICPos_106,14.056,317.9917,NA,NA,NA,NA,NA,1216086,1259724,6579,827036,836325,17543,1057328,1012347,806742,1135160,985058,1076926,0,11722,7003,105165,561399,173291,1030145,3074941,1139764,276747,683443,387515
HILICPos_107,11.498,346.00983,NA,[M+H],HILICPos_107,8,345.002553545,1051903,1278715,1702474,497275,588968,793074,573696,573929,798958,65554,5132,11280,7575,7654,10761,2355610,893670,334801,7599,3421786,90904,395298,865305,520613
HILICPos_108,2.213,349.12195,NA,NA,NA,NA,NA,972597,916673,882243,389813,434013,463906,0,0,36973,0,0,0,0,0,0,0,0,12086,89563,817110,1283791,212587,255663,241605
HILICPos_109,5.658,349.14316,NA,NA,NA,NA,NA,4779386,6464590,9532475,6957099,5592846,7632626,0,0,8294,0,0,0,0,0,0,0,13683,0,2775652,457410,3143957,998163,1021475,0
HILICPos_111,4.606,365.98706,NA,NA,NA,NA,NA,1481744,1515602,1961759,667890,1008496,667286,12769,0,0,0,0,0,115354,57489,74090,0,0,0,4944595,6376136,4694908,0,155567,10737
HILICPos_112,5.578,368.16104,NA,NA,NA,NA,NA,24656134,26857020,30258760,9536336,7878688,9246322,10052,15518,37863,0,0,0,9482,0,0,0,13417,7830,75847040,86952704,89107472,0,0,26658
HILICPos_113,5.578,376.15369,NA,NA,NA,NA,NA,16753821,20678008,10634600,19773528,20448312,5375390,2813902,3411701,3110242,4128379,4408594,4348976,4091843,4090268,4259944,4441481,4426416,4354438,3618737,4281764,8003888,7181740,9355518,6128818
HILICPos_114,2.23,385.98434,NA,NA,NA,NA,NA,174514,287488,306429,71846,87020,131912,0,0,0,0,0,0,0,0,0,0,0,0,13037,1529814,912714,1192302,489050,1160312
HILICPos_118,4.196,425.1254,NA,NA,NA,NA,NA,404346,664848,426141,67058,170709,53719,664016,493072,679232,1222107,221801,144125,84026,11569,10894,213914,81962,155748,2355916,361929,1540615,110462,2046425,0
HILICPos_119,9.443,451.11536,NA,NA,NA,NA,NA,480020,1167218,1330942,215410,393257,613008,19743,15345,11842,0,0,0,0,0,0,2779164,3463602,4419496,347635,291581,394447,1897439,1412439,3218593
HILICPos_120,7.304,499.18787,NA,NA,NA,NA,NA,8824783,7277632,2658479,7142268,5942854,3282036,10135632,7305142,5528978,7374536,8092136,7834347,305511,787889,1405739,16559387,3425840,6160806,5093054,15573031,7621840,3219648,7414597,10138263
HILICPos_121,12.419,615.24542,NA,NA,NA,NA,NA,309483,335122,881969,145092,208139,281919,294622,202832,433322,442941,558316,536589,75195,97051,198643,1833379,838333,1650367,343893,36257,455735,967475,603341,1326770
HILICNeg_1,5.61,92.04955,50.00247:8926 52.29885:6580 52.65451:7164 56.43738:6429 58.1086:6571 59.4968:7273 64.01809:17765 65.01338:20119 65.03851:181464 66.03377:89661 66.75066:6429 68.13155:7426 68.97404:6935 71.31992:7694 80.04952:11116 83.2346:6831 92.02433:24583,in adduct group of HILICPos_23,HILICPos_23,1,137.047823545,205598816,223376480,263237456,143119168,147534000,153662448,2005532,4713973,5029924,11462408,11574615,12511205,10887010,12141982,12690211,10247914,12448446,11934962,164517264,250087392,293461184,45865228,43243920,29065500
HILICNeg_2,8.186,94.92398,NA,NA,NA,NA,NA,1434514,1210393,1014633,606900,349007,84511,890238,55910,128151,45583,3515156,32516,65580,87695,0,3063516,805956,1493610,877289,1209818,429858,530381,211958,738291
HILICNeg_3,11.235,102.05505,NA,in adduct group of HILICPos_43,HILICPos_43,3,147.05330354499998,3679510,4199106,4663429,2632545,3114098,3744247,1968607,1808636,1938252,2295796,2101834,2217390,1825341,1535108,1937903,6400915,8392435,10241497,3870198,3134496,3586679,9333261,9902279,13183599
HILICNeg_5,5.65,110.06018,51.6193:6527 52.01818:7943 52.89767:6915 55.01778:8722 57.15933:6416 61.31139:7689 61.45478:6692 62.85292:6415 66.03377:17388 68.01295:12317 68.35036:7791 69.03351:18697 69.96214:6922 71.37962:6968 78.28158:7549 80.04948:14450 81.0209:7774 81.03337:12496 82.0759:6779 83.0491:54166 92.04948:55520 93.14746:6831 94.02874:481127 100.20414:8519 109.94093:8211 110.0601:88302,in adduct group of HILICPos_23,HILICPos_23,1,137.047823545,66777804,77222408,97541600,30722986,33473382,38074256,62254,197090,0,275884,218382,166374,373896,907873,478748,314321,375576,512590,36341476,75121560,107351184,3032203,2704940,1178401
HILICNeg_6,8.384,110.9748,60.07633:7409 77.27095:6844 78.93436:6914 80.96147:13513 80.96407:254274 85.7598:7058 89.57776:6566 91.27781:7571 107.22407:7024,NA,NA,NA,NA,12837540,14952379,18219440,7436956,8339820,10513210,10865649,2431285,4941085,1757480,1082469,9785152,3273050,2037071,1112814,4937706,2488002,3905783,3089428,42246920,760875,13650085,2138936,7430222
HILICNeg_8,9.483,116.07074,NA,in adduct group of HILICPos_57,HILICPos_57,4,161.06906354499998,1710754,2114798,2612751,890847,803064,1361467,33257,33350,0,29364,0,59860,84395,34638,50486,29074,30168,70589,976287,1108719,1221291,43486,39725,57544
HILICNeg_9,2.229,121.02851,NA,NA,NA,NA,NA,42522112,54236360,66147096,24776204,29908518,46162284,42498244,29841172,48726264,37860600,27339814,22091986,28984922,22754670,37030688,31557392,23120148,27606304,26301916,29984974,41063592,28819982,48182580,16154368
HILICNeg_10,2.198,121.07549,NA,[M-H]-,HILICNeg_10,2,122.082766455,565520,424020,830212,381610,478166,419349,212716,192811,115404,81381,236297,78156,1714433,1882683,231739,104305,1733590,4457732,143138,61234,180881,3573226,47943,33610
HILICNeg_15,11.305,128.03447,NA,in adduct group of HILICPos_43,HILICPos_43,3,147.05330354499998,1962572,3060166,4211880,1485163,1486146,2584824,860757,917654,1057401,1069802,812885,506105,509137,888409,610077,5762634,7706457,9117136,2564994,1771266,1869316,9012688,9196355,13569981
HILICNeg_16,5.78,136.03958,51.22916:11958 52.07928:9537 54.42437:8877 62.61094:10645 64.63805:11823 66.03371:12050 71.18054:13424 74.13327:10524 74.19492:10784 80.04942:27376 80.60251:9798 80.86073:11387 92.0495:758640 97.43901:10464 109.94101:599615 125.1281:10233 132.75786:11178 135.93832:17673 135.94421:349977 136.03946:70967,in adduct group of HILICPos_23,HILICPos_23,1,137.047823545,1412945664,1511697280,1606222208,935831872,978641920,967069504,3948036,1115706,4978332,7306357,7613496,7639570,9485572,8450872,8657842,8261034,8197364,9064995,1205398016,1757700096,1968880256,231606000,228701472,127501504
HILICNeg_18,9.499,141.06609,51.42678:7102 53.08599:6243 60.20188:6821 67.5507:6839 79.31829:6479 89.52636:6291 97.5088:7298 123.78641:7324 132.04195:7062 141.06609:116117,in adduct group of HILICPos_34,HILICPos_34,9,142.07435354499998,17017854,17648056,19612518,8617428,8712510,9620758,131465,127654,150368,140588,39356,93701,120663,38116,29447,36409576,51253568,61994596,9155303,9411513,8141850,24775172,21325010,43280904
HILICNeg_19,11.237,146.04517,77.82569:7389 81.54874:6559 87.91028:6701 88.91206:6637 90.59852:8223 94.83292:5964 98.42875:7158 98.96995:6826 102.05501:144766 104.72494:6487 107.25349:8371 114.21292:6373 117.61201:6418 123.9871:6609 128.03442:63045 138.33073:6625 146.02417:21965 146.04517:30789 146.07172:12653,in adduct group of HILICPos_43,HILICPos_43,3,147.05330354499998,12304442,15120399,24620338,6281158,7154744,11269441,1022758,1159585,4153546,2204461,1700415,2766105,1750186,1328478,1231386,39708268,55528336,65201640,11821380,7764104,10241080,63385080,68262888,96182456
HILICNeg_20,2.198,149.00011,NA,NA,NA,NA,NA,1298956,1254191,1111748,972203,933362,718162,135736,0,0,37622,0,121866,0,92240,206390,318180,114723,276889,122717,484838,175638,145261,218371,251655
HILICNeg_24,9.074,159.07701,NA,in adduct group of HILICPos_54,HILICPos_54,11,160.085073545,7010462,7877990,2760424,4426056,3670769,2417991,1921454,3049892,3879162,5413428,2309020,5129354,4170391,1780141,2436523,9062583,8383660,12443666,15198938,19016218,10944374,11283753,11478606,18905088
HILICNeg_25,9.481,160.06096,50.39222:6571 52.88554:8086 53.55264:7584 62.89835:7524 71.03837:6631 84.37275:8037 105.93055:6426 114.05508:17725 116.06593:16832 116.07069:426709 142.05008:538142 159.89369:9377 160.05098:6059 160.05273:8934 160.06094:144478,in adduct group of HILICPos_57,HILICPos_57,4,161.06906354499998,24573490,29067854,34326848,12681828,14319888,18627274,339079,557195,640996,1399579,1497823,1429214,930172,1004508,1026768,2467925,968480,1069071,15578454,17124016,15106646,1769175,1267600,1754284
HILICNeg_28,11.261,168.02733,NA,in adduct group of HILICPos_43,HILICPos_43,3,147.05330354499998,517889,833916,1118274,42059,143610,341843,41493,54270,0,85987,0,92923,37419,93762,0,2919570,3562990,4080056,403885,195543,115293,4293304,4655427,6113530
HILICNeg_29,3.489,168.06625,NA,in adduct group of HILICPos_61,HILICPos_61,12,169.07417354499998,4834252,5172057,3462194,2835297,3283654,2579252,1109534,1285794,1115956,1548656,1218958,1232044,844322,1111788,1062664,1684887,3158757,2161074,3937315,7744306,1001095,2369992,5342824,2881338
HILICNeg_31,12.766,170.00385,NA,NA,NA,NA,NA,704185,680917,893338,203614,131663,223265,818230,639890,813457,336994,202348,614145,163907,29663,218975,310671,32231,1051587,411465,2641002,803337,63988,588547,142907
HILICNeg_32,5.708,170.08443,54.15078:8572 56.99753:7500 57.41855:6337 64.80683:6848 65.99023:8068 68.74512:6540 70.56667:6366 70.58922:6872 74.96276:6594 79.3849:8474 91.21312:8146 92.04943:7456 104.05257:7599 118.22534:7349 124.03363:11628 133.46341:7401 169.07643:18928 170.0271:13287 170.08446:14827,NA,NA,NA,NA,43257840,51125208,63129136,19761824,21071632,23849788,25878,72756,123333,63190,206577,154927,130202,84808,106504,136550,74364,65505,29735714,64641644,83227376,625805,621116,113373
HILICNeg_33,8.606,176.99347,50.30442:7496 53.44098:5828 57.38984:7017 63.96123:17009 79.0784:7059 79.95628:60948 88.46481:7991 95.01279:46324 96.05966:6434 98.54166:6410 109.24918:6885 109.36538:6943 113.48401:7872 138.26309:8404 145.01207:30109 153.57697:8096 155.98799:118854 158.97513:22647 170.00368:313199 171.00751:7297 171.98334:13269 176.89464:8487 176.99332:391108 177.09187:8101,[M-H]-,HILICNeg_33,5,178.000746455,38877752,46774428,62671436,21391346,25695256,33851340,23234180,21686554,25849300,16810678,12916986,24231210,27754248,23026782,28246636,13127990,16560696,187117376,3078180,31892264,55219108,20400946,78017048,12517368
HILICNeg_34,5.654,177.06651,53.10553:6294 58.75058:6638 62.04124:6959 64.61421:7277 72.72038:6720 73.02832:11140 74.63509:6484 75.37032:6150 92.04932:17355 157.32993:8312 177.09097:10292,NA,NA,NA,NA,48750668,51450004,57215320,33246296,33399270,35191224,180634,510399,153519,2223569,1757069,1994127,1732618,3107599,2809902,1618686,2091810,1976537,39252312,52174164,68335904,9508312,10095551,6162695
HILICNeg_36,9.478,182.04294,NA,in adduct group of HILICPos_57,HILICPos_57,4,161.06906354499998,974970,1164684,1369717,385197,381814,286074,60975,66050,29973,145784,38125,26512,75784,57137,127156,178775,36217,75829,455485,365095,305739,85449,112975,26216
HILICNeg_37,5.672,185.10806,66.0338:23917 68.13786:7485 92.04948:71461 100.69498:7657 116.0497:23130 117.04486:9949 129.05751:99555 130.0652:17708 140.1611:10422 142.06535:15633 147.57283:9045 154.0654:64479 154.28972:6939 155.06071:24874 157.07643:13163 158.09669:8572 165.59613:6848 169.07652:61177 170.0842:66485 183.09259:22123,in adduct group of HILICPos_23,HILICPos_23,1,137.047823545,39968956,48199832,63298448,21041916,22548834,26213744,35288,42944,154836,60692,30345,50456,124260,0,34055,79604,107410,69154,19559136,45193936,65666844,1050486,1023862,119505
HILICNeg_39,9.08,195.01572,NA,NA,NA,NA,NA,412663,485327,854234,88797,68395,166921,680822,788541,613499,806223,180959,383704,37264,175901,32130,223929,398122,0,101391,2839413,2045858,34647,256756,90950
HILICNeg_40,5.602,198.04062,NA,NA,NA,NA,NA,27107978,30150524,33080382,13581339,15329138,16676679,97442,140918,130692,260390,228883,205532,138215,139626,175170,224649,162781,199100,20650248,37753544,43066904,1518977,1871219,364327
HILICNeg_44,13.257,200.98618,NA,NA,NA,NA,NA,410349696,412729600,617832192,244893408,264133568,407447072,614733568,606680320,701992896,309573696,313364704,439302464,465239616,467292672,503356512,357517984,303744960,616596608,352544224,1017297216,417705440,305725696,357264832,268185840
HILICNeg_45,9.404,202.99681,NA,NA,NA,NA,NA,1432238,2128404,3073722,507277,750012,1293587,6094298,5127342,5618616,1023737,389026,1473406,1552579,1418720,1238868,486318,589607,6119872,424501,2727510,1709780,625090,2806919,411578
HILICNeg_46,5.644,203.11882,NA,in adduct group of HILICPos_23,HILICPos_23,1,137.047823545,6099836,7895249,12136976,3489650,3388513,4587422,0,0,0,40639,0,30051,0,0,0,19191,35013,0,607375,3514745,7815504,33964,31703,0
HILICNeg_53,13.186,215.99741,NA,NA,NA,NA,NA,1164400,1153994,1380815,378946,438381,648404,1378648,1159468,2247109,155417,77726,444582,240928,81449,224332,383045,36819,2157580,931083,4544574,1461206,300384,999270,289379
HILICNeg_54,13.684,216.98125,NA,NA,NA,NA,NA,12058992,11626771,16229306,7237806,6612106,8219894,19343626,20695472,31062708,7174584,6572612,8495929,11129090,9918826,12247251,8968206,4715629,13910380,5716888,35692448,12563245,4734082,8330960,4076120
HILICNeg_55,9.991,217.03542,NA,NA,NA,NA,NA,1110604,1480030,1490061,341043,650100,689392,0,35084,0,0,0,0,0,53276,0,3268620,285256,1847551,82904,76614,1762042,915033,319730,656765
HILICNeg_56,14.038,218.90517,NA,NA,NA,NA,NA,369172,596022,1187983,457048,364520,908694,1908573,254415,461107,1552475,571276,512805,784081,837382,783405,2099634,1153450,1384768,258741,5276320,570485,1169886,1667422,1301971
HILICNeg_57,13.269,218.96048,NA,NA,NA,NA,NA,746609,747076,1995188,75822,120615,626583,175940,40801,274186,105888,338538,851483,229877,536763,1074864,588947,142280,2444378,89976,2081514,576076,376858,799144,279678
HILICNeg_58,13.405,222.00778,NA,NA,NA,NA,NA,754090,615099,3062452,304059,63390,1546334,87511,28335,65957,47045,132422,678071,1201380,1544069,2294315,305722,391832,4266884,914999,345453,471509,750636,755919,173581
HILICNeg_59,5.667,229.09834,52.01826:7470 63.15297:6693 63.37236:6166 64.7469:6795 65.03845:8794 66.03377:75937 80.0495:34684 84.11975:6927 89.36575:7506 91.02887:8024 91.0539:6858 92.04948:410272 96.12257:8092 103.71175:6784 106.06502:16226 114.11406:7642 116.04514:13581 116.04961:219467 125.35435:7818 129.05753:51514 130.06532:16310 136.0396:50715 142.06544:10432 143.06079:10283 144.08096:15652 153.04726:9238 154.03368:8064 154.06535:23477 155.06058:17411 156.07059:7019 156.08109:13849 159.09203:27696 167.06097:17617 169.07661:49940 170.08424:23645 171.05556:13236 182.6803:7348 183.0925:21058 185.10806:10039 189.16589:6595 195.93103:7475 199.05063:11064 223.32529:18837,[M-H]-,HILICNeg_59,6,230.10561645500002,191533568,221984432,289904672,95614024,101509992,118354392,175460,71057,0,40164,342283,138202,142064,52871,56617,151651,51816,44872,93851472,203630176,294291104,5962378,6548208,990620
HILICNeg_60,9.146,230.01282,NA,NA,NA,NA,NA,71136480,78271792,95684360,39183028,44276604,52530876,73170352,55634084,70943232,79180456,56894812,77812304,85932728,69068832,70620520,56482264,53910936,117736552,59641012,152927792,87783184,58134324,97564504,53313392
HILICNeg_62,2.191,243.16054,NA,in adduct group of HILICNeg_10,HILICNeg_10,2,122.082766455,488774,483647,385990,321742,235901,191146,216412,303314,63752,0,139108,57043,955502,915562,51820,0,1140253,2459520,50276,0,56432,2546858,35143,0
HILICNeg_65,7.39,244.0291,NA,NA,NA,NA,NA,1167401,1303768,1901150,416514,441563,723899,752535,523549,635568,32098,42132,227731,497104,687796,574407,95279,247678,4241530,678394,1938489,1373557,0,1523362,152733
HILICNeg_66,5.514,247.10912,55.92298:6411 57.20485:7692 62.0728:6451 66.03391:11577 69.03343:22268 73.17114:6345 76.98122:5956 78.28331:7653 80.79855:6010 81.2003:7326 82.06499:10351 84.72591:6357 85.72123:6566 89.96891:8331 91.6421:6298 91.97926:6145 92.04945:19972 94.0287:11343 96.04441:58369 97.54572:6572 100.194:6575 104.88374:7185 115.26794:6712 120.04458:22952 123.95068:9350 124.56799:7396 138.60431:6859 146.0607:7692 203.91904:7495 217.76733:59052 217.78094:12702,in adduct group of HILICNeg_59,HILICNeg_59,6,230.10561645500002,34648248,41032960,57860928,17607532,17840734,22121716,0,108823,0,0,0,0,0,155360,0,30306,0,0,14067376,30187786,50799128,867887,661122,0
HILICNeg_67,2.654,260.91565,NA,NA,NA,NA,NA,1386760,947194,602655,176910,362751,139858,246649,155725,0,689381,871614,168560,46650,568999,509082,2647631,2083042,886979,0,1483378,221169,2321550,1329654,1202682
HILICNeg_68,2.653,262.91367,NA,NA,NA,NA,NA,859838,750249,507598,242028,236393,129887,272098,44032,0,892229,594100,58977,139992,506003,746280,2516799,1849622,549388,0,1423437,172688,2503180,1475864,1328030
HILICNeg_69,5.596,269.09128,NA,NA,NA,NA,NA,11582065,12773307,15255246,11797946,10988981,11623533,0,173005,0,0,0,0,0,0,0,0,32299,0,920530,2471013,7215105,2183462,2070935,349252
HILICNeg_70,5.55,270.12521,51.21294:7763 54.34129:6409 59.51392:6739 63.74585:6544 74.91064:7490 84.57617:6897 88.98148:5902 92.04951:19861 117.04487:8549 120.26501:8823 124.01918:8592 137.64725:7923 145.33228:7171 158.35719:6845 159.11963:8874 161.72986:7342 217.25481:9416 217.26669:61737,NA,NA,NA,NA,11788406,14845690,19186798,6231120,6291217,7653694,0,0,0,39858,56365,55916,0,61951,0,0,42149,0,3846343,11720014,17118422,48832,75518,95902
HILICNeg_71,8.361,284.94168,NA,NA,NA,NA,NA,3396062,3986455,4599084,1828871,2259856,2671626,2813985,429440,1240464,270028,33597,2424072,522164,220431,35087,1072510,525053,640948,597745,9772026,36378,3683568,396222,1864128
HILICNeg_72,13.27,285.96432,NA,NA,NA,NA,NA,777638,1092810,1801132,616349,621350,1242174,620289,755694,922412,775463,829546,1347480,163142,438737,717198,1600890,1319935,1868150,1240916,106417,794987,1318608,792245,1659971
HILICNeg_73,6.19,293.06094,NA,NA,NA,NA,NA,1514516,4703541,11888153,1845919,4842456,6278796,193757,146369,43023,34808,0,0,0,0,0,28916,0,0,211317,4976345,4480762,3344867,3051234,2378682
HILICNeg_74,2.513,308.9021,NA,NA,NA,NA,NA,1169206,866724,822961,238380,260853,323048,306677,138446,0,546980,319177,0,0,0,50963,1089215,172177,0,0,8266524,991439,1099459,194939,1233935
HILICNeg_75,5.56,322.15686,54.14461:6533 58.05043:5825 74.46156:6859 74.95033:7157 80.04958:9122 86.37458:6994 92.04955:65767 119.236:8252 122.02376:90357 154.36685:6636 167.06091:22288 169.07631:14842 185.4072:6651 216.39937:92627 216.41014:18002 241.95728:7451 283.99942:7424,[M-H]-,HILICNeg_75,7,323.164136455,28861026,34501792,48010084,15157774,15269418,19139192,0,0,156487,0,0,0,0,0,0,0,0,0,8362866,23541496,38737364,237547,203519,0
HILICNeg_76,2.193,324.01917,NA,NA,NA,NA,NA,42412,457383,1346527,0,77113,439044,0,0,62466,380416,103907,210259,530827,113638,0,328325,134527,0,583155,1500515,128189,0,445282,33086
HILICNeg_77,5.604,335.08908,NA,NA,NA,NA,NA,7189304,7775176,9454167,3043159,3417589,4031776,0,0,0,0,0,0,0,0,0,0,0,0,2263834,12404722,13492098,0,0,0
HILICNeg_80,5.59,340.16718,NA,in adduct group of HILICNeg_75,HILICNeg_75,7,323.164136455,3383522,4604747,6693619,1832820,1499845,2120570,116515,0,0,0,0,0,0,0,0,0,0,0,0,799102,3463359,0,36396,0
HILICNeg_81,11.521,343.99579,NA,in adduct group of HILICPos_107,HILICPos_107,8,345.002553545,1845598,2452046,3977615,922266,1205179,1911690,1172787,1021225,1448058,180693,0,0,0,0,0,4462902,1649754,383877,0,6761360,0,572564,1229931,1039313
HILICNeg_82,8.58,354.99588,NA,in adduct group of HILICNeg_33,HILICNeg_33,5,178.000746455,1607066,2188742,2423535,699676,980169,1194093,821186,546083,995456,835891,341834,822958,1524790,1063283,1076705,454157,623680,7307614,0,1207450,2052620,586627,3869678,272965
HILICNeg_83,8.384,362.91946,NA,NA,NA,NA,NA,2808941,3504656,5019042,1653991,2381372,3722207,2002329,389009,1070397,196817,127489,2563400,475756,587718,76445,1056337,689870,921585,617169,5583609,0,4394168,419682,2165206
HILICNeg_84,5.573,366.14655,NA,NA,NA,NA,NA,10817460,12509281,17070076,4856123,5309865,6690392,0,0,0,0,0,0,0,0,42134,0,0,0,1721520,9531609,18022998,0,29590,0
HILICNeg_85,8.661,376.97742,NA,in adduct group of HILICNeg_33,HILICNeg_33,5,178.000746455,1059939,784724,565022,169219,285252,129020,612692,328224,490002,34273,0,88163,0,0,0,42152,78322,2661338,0,456900,1227547,86334,1235022,36646
HILICNeg_89,8.349,440.89606,NA,NA,NA,NA,NA,333248,636162,1151567,0,358849,613621,286245,39628,0,0,0,372194,37095,41207,0,98791,77099,79508,0,840421,0,662018,0,362042
HILICNeg_90,14.072,684.97217,NA,NA,NA,NA,NA,60386,184255,836668,175869,198388,525195,34240,109726,48680,98854,335783,540090,58850,170487,217104,704892,563626,886736,38427,0,48914,875688,313730,1137526
