scan_time_round,mode,isotopologue_type,mz_round,n,n_homarine,n_control,mz_med,scan_time_med,intensity_med,samples,monoisotopic_mass,id,quality_peaks,notes
6,positive,2H2,140.1,10,10,0,140.06777954101562,6.306479454040527,747614.3125,"230724_Smp_G4_1_H_t2_A, 230724_Smp_G4_1_H_t24_B, 230724_Smp_G4_1_H_t48_A, 230724_Smp_G4_1_H_t48_B, 230724_Smp_G4_1_H_t48_C, 230724_Smp_G4_2_H_t2_C, 230724_Smp_G4_2_H_t24_B, 230724_Smp_G4_2_H_t24_C, 230724_Smp_G4_2_H_t48_B, 230724_Smp_G4_2_H_t48_C",138.05522604912363,1,y,more likely the 13C2 iso than the 2H2 iso
9,positive,2H2,721.1,8,8,0,721.0591735839844,9.073890686035156,133958.3438,"230724_Smp_G4_1_H_t2_C, 230724_Smp_G4_1_H_t2_C, 230724_Smp_G4_1_H_t2_C, 230724_Smp_G4_1_H_t2_C, 230724_Smp_G4_1_H_t2_C, 230724_Smp_G4_1_H_t2_C, 230724_Smp_G4_1_H_t2_C, 230724_Smp_G4_1_H_t2_C",719.0466200920923,2,n,
11,positive,2H3,165.1,8,8,0,165.0949249267578,10.650871753692627,1814212.5,"230724_Smp_G4_1_H_t2_A, 230724_Smp_G4_1_H_t2_B, 230724_Smp_G4_1_H_t2_C, 230724_Smp_G4_1_H_t24_B, 230724_Smp_G4_2_H_t2_A, 230724_Smp_G4_2_H_t2_B, 230724_Smp_G4_2_H_t2_C, 230724_Smp_G4_2_H_t24_C",162.07609468891982,3,y,
6,positive,2H3,141.1,7,7,0,141.0738067626953,6.2763872146606445,1630560.375,"230724_Smp_G4_1_H_t48_B, 230724_Smp_G4_2_H_t2_A, 230724_Smp_G4_2_H_t2_A, 230724_Smp_G4_2_H_t2_B, 230724_Smp_G4_2_H_t2_B, 230724_Smp_G4_2_H_t2_C, 230724_Smp_G4_2_H_t24_B",138.05497652485732,4,y,
6,positive,2H3,281.1,6,6,0,281.1393127441406,6.320253372192383,3098307.375,"230724_Smp_G4_2_H_t2_A, 230724_Smp_G4_2_H_t2_B, 230724_Smp_G4_2_H_t24_C, 230724_Smp_G4_2_H_t24_C, 230724_Smp_G4_2_H_t48_B, 230724_Smp_G4_2_H_t48_C",278.1204825063026,5,y,homarine_adduct_or_iso
9,positive,2H3,716.1,6,6,0,716.06658935546875,9.035794258117676,128616.0273,"230724_Smp_G4_1_H_t2_C, 230724_Smp_G4_1_H_t2_C, 230724_Smp_G4_1_H_t2_C, 230724_Smp_G4_1_H_t2_C, 230724_Smp_G4_1_H_t2_C, 230724_Smp_G4_1_H_t2_C",713.0477591176308,6,n,
6,positive,2H3,97.1,4,4,0,97.08442306518555,6.329463720321655,3579452.25,"230724_Smp_G4_2_H_t2_A, 230724_Smp_G4_2_H_t2_B, 230724_Smp_G4_2_H_t24_A, 230724_Smp_G4_2_H_t48_C",94.06559282734754,7,y,homarine_adduct_or_iso
6,positive,2H3,199.1,4,4,0,199.12681579589844,6.298978567123413,2901874,"230724_Smp_G4_2_H_t2_A, 230724_Smp_G4_2_H_t2_C, 230724_Smp_G4_2_H_t24_B, 230724_Smp_G4_2_H_t48_A",196.10798555806045,8,y,homarine_adduct_or_iso
5,positive,2H2,138.1,3,3,0,138.07418823242188,5.302046298980713,1042907.875,"230724_Smp_G4_2_H_t48_A, 230724_Smp_G4_2_H_t48_B, 230724_Smp_G4_2_H_t48_C",136.06163474052988,9,y,
0,positive,2H3,127.1,2,2,0,127.06162643432617,0.069753435,294630.8281,"230724_Smp_G4_1_H_t24_A, 230724_Smp_G4_1_H_t48_C",124.04279619648817,10,n,
5,positive,2H2,270.1,2,2,0,270.1156311035156,5.158230304718018,1524675.531,"230724_Smp_G4_2_H_t48_A, 230724_Smp_G4_2_H_t48_A",268.10307761162363,11,y,
6,positive,2H3,142.1,2,2,0,142.0775146484375,6.2895894050598145,10513103,"230724_Smp_G4_2_H_t2_A, 230724_Smp_G4_2_H_t48_A",139.0586844105995,12,y,homarine_adduct_or_iso
7,positive,2H3,231.1,2,2,0,231.11660766601562,7.4292285442352295,238502.9922,"230724_Smp_G4_1_H_t2_B, 230724_Smp_G4_1_H_t2_B",228.09777742817764,13,n,
9,positive,2H3,141.1,2,2,0,141.0738754272461,8.513915538787842,1705786.375,"230724_Smp_G4_1_H_t48_C, 230724_Smp_G4_2_H_t48_B",138.0550451894081,14,n,
11,positive,2H3,877.1,2,2,0,877.0760192871094,10.682842254638672,217070.6406,"230724_Smp_G4_1_H_t2_C, 230724_Smp_G4_1_H_t48_C",874.0571890492714,15,n,
15,positive,2H2,825,2,2,0,824.9971923828125,14.580399513244629,164899.6641,"230724_Smp_G4_1_H_t2_C, 230724_Smp_G4_1_H_t48_A",822.9846388909205,16,n,
0,positive,2H2,110.1,1,1,0,110.0707778930664,0.069559462,434149.0938,230724_Smp_G4_1_H_t24_A,108.0582244011744,17,n,
0,positive,2H2,145.1,1,1,0,145.0608673095703,0.069559462,322264.875,230724_Smp_G4_1_H_t24_A,143.04831381767832,18,y,too early of a peak to be reliable
2,positive,2H2,151.1,1,1,0,151.09518432617188,2.2725982666015625,591130.5625,230724_Smp_G4_1_H_t2_B,149.08263083427988,19,n,
2,positive,2H2,241.2,1,1,0,241.1526641845703,2.278872013092041,109853.6797,230724_Smp_G4_1_H_t2_C,239.14011069267832,20,n,
3,negative,2H3,65,1,1,0,65.01341247558594,3.3092596530914307,1135942.25,230724_Smp_G4_1_H_t24_A,61.994582237747935,21,n,
6,positive,2H3,278.1,1,1,0,278.1219482421875,6.276926517486572,1929522,230724_Smp_G4_2_H_t2_C,275.1031180043495,22,y,homarine_adduct_or_iso
7,positive,2H2,208.1,1,1,0,208.11737060546875,7.335950851,230913.8281,230724_Smp_G4_1_H_t24_C,206.10481711357676,23,n,
8,positive,2H2,120.1,1,1,0,120.0988311767578,8.035565376281738,1403199.875,230724_Smp_G4_2_H_t48_A,118.08627768486579,24,y,
8,positive,2H2,208.1,1,1,0,208.1175079345703,8.374044418334961,159077.1406,230724_Smp_G4_1_H_t2_A,206.10495444267832,25,n,
8,positive,2H3,98.1,1,1,0,98.07965087890624,7.563916206359863,258200.6875,230724_Smp_G4_1_H_t48_B,95.06082064106823,26,n,
8,positive,2H3,141.1,1,1,0,141.07371520996094,8.442708015441895,734823.375,230724_Smp_G4_1_H_t48_B,138.05488497212295,27,n,
10,positive,2H2,717.1,1,1,0,717.07464599609375,10.479320526123049,942033.1875,230724_Smp_G4_2_H_t48_A,715.0620925042017,28,n,
11,positive,2H2,608.1,1,1,0,608.06536865234375,10.767545700073242,180911.25,230724_Smp_G4_1_H_t2_C,606.0528151604517,29,n,
11,positive,2H3,718.1,1,1,0,718.0574951171875,10.767142295837402,336270.3125,230724_Smp_G4_1_H_t2_A,715.0386648793495,30,n,
11,positive,2H3,720.1,1,1,0,720.05682373046875,10.760583877563477,166240.9063,230724_Smp_G4_1_H_t2_B,717.0379934926308,31,n,
11,positive,2H3,874.1,1,1,0,874.0855712890625,10.856867790222168,213309.1406,230724_Smp_G4_1_H_t48_B,871.0667410512245,32,n,
12,positive,2H2,134.1,1,1,0,134.08949279785156,11.599925994873049,854749.375,230724_Smp_G4_2_H_t48_A,132.07693930595957,33,y,
12,positive,2H2,260.1,1,1,0,260.12286376953125,11.614831924438477,1258356.125,230724_Smp_G4_2_H_t48_A,258.11031027763926,34,y,
15,negative,2H2,99,1,1,0,98.96569824,14.738965034484863,1302811.375,230724_Smp_G4_2_H_t24_B,96.95314475,35,n,
16,negative,2H3,65,1,1,0,65.01331329345703,16.22595215,1509781.5,230724_Smp_G4_2_H_t24_A,61.99448305561903,36,n,
16,positive,2H3,138.1,1,1,0,138.06597900390625,16.417844772338867,339636.375,230724_Smp_G4_1_H_t2_B,135.04714876606826,37,n,
24,positive,2H2,214.1,1,1,0,214.0858154296875,24.326242446899418,248310.2031,230724_Smp_G4_1_H_t24_A,212.0732619377955,38,n,
24,positive,2H3,215.1,1,1,0,215.0933532714844,24.115772247314453,1289989.25,230724_Smp_G4_1_H_t2_C,212.07452303364641,39,n,