mass_feature,z,sample_fraction,sample_set,dat_type,RT,mz,MS2,add_annotation,row_id
2-Hydroxy-4-(methylthio)butyric acid,-1,Particulate,OBi1_set2,targeted,2.271923076923077,149.027242,NA,NA,2
5-Hydroxyectoine,1,Particulate,OBi1_set2,targeted,11.052926829268293,159.076968,NA,NA,5
Adenine,1,Particulate,OBi1_set2,targeted,4.814390243902439,136.06232,NA,NA,7
Adenosine diphosphate,-1,Particulate,OBi1_set2,targeted,12.52939393939394,426.021596,NA,NA,9
Adenosine monophosphate,-1,Particulate,OBi1_set2,targeted,10.98764705882353,346.055262,NA,NA,10
Adenosine triphosphate,-1,Particulate,OBi1_set2,targeted,13.638571428571428,505.987929,NA,NA,11
Creatine,1,Particulate,OBi1_set2,targeted,11.293243243243245,132.077302,NA,NA,14
D-Glucose 6-phosphate,-1,Particulate,OBi1_set2,targeted,13.406842105263156,259.021897,NA,NA,21
Dimethylsulfoniopropionate,1,Particulate,OBi1_set2,targeted,9.780625,135.047977,NA,NA,25
Ectoine,1,Particulate,OBi1_set2,targeted,9.47658536585366,143.082053,NA,NA,26
Glucosamine,1,Particulate,OBi1_set2,targeted,10.47974358974359,180.087199,NA,NA,28
Glutamylphenylalanine,1,Particulate,OBi1_set2,targeted,8.658846153846154,295.129398,NA,NA,29
Glutathione,1,Particulate,OBi1_set2,targeted,11.47222222222222,308.091634,NA,NA,30
Glycerophosphocholine,1,Particulate,OBi1_set2,targeted,10.929354838709678,258.110652,NA,NA,32
Glycerophosphoric acid,-1,Particulate,OBi1_set2,targeted,11.953888888888889,171.005853,NA,NA,33
Glycine,1,Particulate,OBi1_set2,targeted,11.424615384615384,76.039854,NA,NA,34
Gonyol,1,Particulate,OBi1_set2,targeted,10.69441176470588,179.074191,NA,NA,35
Guanosine monophosphate,-1,Particulate,OBi1_set2,targeted,13.346,362.050178,NA,NA,38
Hydroxyproline,1,Particulate,OBi1_set2,targeted,10.611515151515151,132.066069,NA,NA,40
Inosine,-1,Particulate,OBi1_set2,targeted,7.668888888888889,267.072946,NA,NA,42
L-Alanine,1,Particulate,OBi1_set2,targeted,10.64,90.055504,NA,NA,44
L-Arginosuccinic acid,1,Particulate,OBi1_set2,targeted,13.131388888888887,291.13046,NA,NA,46
L-Aspartic acid,1,Particulate,OBi1_set2,targeted,11.692564102564102,134.045334,NA,NA,47
L-Cystathionine,1,Particulate,OBi1_set2,targeted,12.431612903225806,223.075255,NA,NA,48
L-Cysteic acid,-1,Particulate,OBi1_set2,targeted,12.147941176470589,167.996671,NA,NA,49
L-Glutamine,1,Particulate,OBi1_set2,targeted,10.754102564102563,147.076968,NA,NA,52
L-Methionine,1,Particulate,OBi1_set2,targeted,6.917368421052632,150.058876,NA,NA,58
L-Methionine S-oxide,1,Particulate,OBi1_set2,targeted,9.1659375,166.053791,NA,NA,59
L-Serine,1,Particulate,OBi1_set2,targeted,11.126153846153846,106.050419,NA,NA,62
Malic acid,-1,Particulate,OBi1_set2,targeted,12.687560975609756,133.0137,NA,NA,65
N-Acetyl-D-glucosamine,1,Particulate,OBi1_set2,targeted,8.307567567567567,222.097764,NA,NA,66
N-Acetyl-L-glutamic acid,-1,Particulate,OBi1_set2,targeted,11.25,188.055899,NA,NA,67
N-Acetylmuramic acid,1,Particulate,OBi1_set2,targeted,7.090588235294118,294.118894,NA,NA,68
N6-Methyladenine,1,Particulate,OBi1_set2,targeted,3.42325,150.07797,NA,NA,69
NAD,-1,Particulate,OBi1_set2,targeted,11.105555555555556,662.101304,NA,NA,70
NADH,-1,Particulate,OBi1_set2,targeted,10.895,664.116954,NA,NA,71
NADP,-1,Particulate,OBi1_set2,targeted,13.618275862068966,742.067637,NA,NA,72
NADPH,-1,Particulate,OBi1_set2,targeted,14.064761904761903,744.083287,NA,NA,73
Phosphoenolpyruvic acid,-1,Particulate,OBi1_set2,targeted,14.251470588235296,166.974553,NA,NA,76
Pipecolic acid,1,Particulate,OBi1_set2,targeted,9.00972972972973,130.086804,NA,NA,77
Propionylglycine,-1,Particulate,OBi1_set2,targeted,5.007352941176471,130.050419,NA,NA,78
Taurine,-1,Particulate,OBi1_set2,targeted,9.835652173913044,124.006841,NA,NA,80
Thiamine diphosphate,1,Particulate,OBi1_set2,targeted,12.327352941176471,425.044974,NA,NA,81
UDP-N-acetylglucosamine,-1,Particulate,OBi1_set2,targeted,12.20888888888889,606.073753,NA,NA,84
UDP-glucose,-1,Particulate,OBi1_set2,targeted,13.110833333333334,565.047204,NA,NA,85
cis-Aconitic acid,-1,Particulate,OBi1_set2,targeted,14.534615384615384,173.008615,NA,NA,88
"2,5-Dihydroxybenzoic acid",-1,Dissolved,OBi1_set2,targeted,3.520909090909091,153.018785,NA,NA,89
Allantoin,-1,Dissolved,OBi1_set2,targeted,9.4825,157.036165,NA,NA,91
Hydroxyproline,1,Dissolved,OBi1_set2,targeted,10.6328,132.066069,NA,NA,94
Hypoxanthine,1,Dissolved,OBi1_set2,targeted,6.588863636363636,137.046336,NA,NA,95
Thymidine,-1,Dissolved,OBi1_set2,targeted,3.1955555555555555,241.082448,NA,NA,99
HILICPos_0,1,Particulate,OBi1_set2,nontargeted,11.384,80.05003,NA,NA,100
HILICPos_2,1,Particulate,OBi1_set2,nontargeted,11.365,82.06564,NA,NA,101
HILICPos_5,1,Particulate,OBi1_set2,nontargeted,10.524,85.02907,NA,NA,102
HILICPos_6,1,Particulate,OBi1_set2,nontargeted,11.493,86.04909,NA,NA,103
HILICPos_8,1,Particulate,OBi1_set2,nontargeted,7.066,86.09693,NA,NA,104
HILICPos_9,1,Particulate,OBi1_set2,nontargeted,10.714,88.03983,NA,NA,105
HILICPos_12,1,Particulate,OBi1_set2,nontargeted,11.365,90.05545,NA,NA,106
HILICPos_13,1,Particulate,OBi1_set2,nontargeted,5.669,93.05784,NA,NA,107
HILICPos_17,1,Particulate,OBi1_set2,nontargeted,10.698,97.02894,NA,NA,108
HILICPos_20,1,Particulate,OBi1_set2,nontargeted,11.992,98.98462,NA,NA,109
HILICPos_21,1,Particulate,OBi1_set2,nontargeted,9.835,98.98464,NA,NA,110
HILICPos_23,1,Particulate,OBi1_set2,nontargeted,9.476,101.07127,NA,[M+H],111
HILICPos_29,1,Particulate,OBi1_set2,nontargeted,10.68,109.02882,NA,[M+H],112
HILICPos_30,1,Particulate,OBi1_set2,nontargeted,12.751,109.02893,NA,NA,113
HILICPos_33,1,Particulate,OBi1_set2,nontargeted,8.264,112.05077,51.59501:6878 64.65118:7717 69.04552:51794 83.94164:6967 85.57964:7956 90.06509:6778 94.0406:21068 95.02456:188233 111.24319:6602 112.05096:2741754 112.07608:25018 112.09538:24570,NA,114
HILICPos_41,1,Particulate,OBi1_set2,nontargeted,11.741,116.07092,NA,NA,117
HILICPos_43,1,Particulate,OBi1_set2,nontargeted,4.72,119.03542,NA,[M+H],118
HILICPos_44,1,Particulate,OBi1_set2,nontargeted,5.651,119.06073,NA,NA,119
HILICPos_48,1,Particulate,OBi1_set2,nontargeted,2.687,123.05561,NA,NA,122
HILICPos_52,1,Particulate,OBi1_set2,nontargeted,13.456,127.03914,NA,NA,123
HILICPos_55,1,Particulate,OBi1_set2,nontargeted,8.709,127.05047,NA,[M+H],124
HILICPos_56,1,Particulate,OBi1_set2,nontargeted,13.614,128.07086,NA,NA,125
HILICPos_61,1,Particulate,OBi1_set2,nontargeted,9.224,130.05002,NA,NA,126
HILICPos_63,1,Particulate,OBi1_set2,nontargeted,8.696,130.08624,NA,[M+H],127
HILICPos_65,1,Particulate,OBi1_set2,nontargeted,10.847,131.04723,NA,NA,128
HILICPos_66,1,Particulate,OBi1_set2,nontargeted,10.68,131.08157,50.48769:7830 51.71355:7290 56.05029:17515 58.91386:6163 64.98503:7135 69.20801:7955 70.84749:7070 71.10851:7757 85.04838:32644 87.09184:7308 88.03979:54538 90.09663:6481 101.32805:6270 102.05543:9218 104.28409:7134 120.79328:6991 122.97143:6889 124.03101:7116 125.2604:8156,NA,129
HILICPos_70,1,Particulate,OBi1_set2,nontargeted,6.93,133.03185,NA,[M+H],131
HILICPos_73,1,Particulate,OBi1_set2,nontargeted,10.655,134.08121,NA,NA,133
HILICPos_74,1,Particulate,OBi1_set2,nontargeted,9.184,135.03014,NA,[M+H],134
HILICPos_78,1,Particulate,OBi1_set2,nontargeted,7.718,137.04605,68.95043:7337 94.04054:11805 110.03529:14182 116.51958:8000 119.03529:16016 137.04593:2009157 137.10706:7671,NA,136
HILICPos_89,1,Particulate,OBi1_set2,nontargeted,5.766,139.05225,51.5406:14041 52.5068:13416 55.02442:14003 64.78721:13524 73.98441:15938 78.03455:14686 79.03786:37187 85.52947:12081 89.99308:13050 94.06123:32480 94.06184:23130 94.0656:166049 95.06273:37546 95.06901:911615 96.0414:16630 96.04489:450461 97.04195:63849 97.04826:1093771 107.0324:24757 111.06358:36435 114.68067:17770 124.03951:120309 125.03739:29495 125.04285:782365 138.63229:28337 138.93639:16749 139.05289:2420966 139.0583:41641180 139.1225:75931 139.17802:18300,NA,138
HILICPos_90,1,Particulate,OBi1_set2,nontargeted,12.034,140.01076,NA,NA,139
HILICPos_91,1,Particulate,OBi1_set2,nontargeted,9.867,140.0108,NA,NA,140
HILICPos_92,1,Particulate,OBi1_set2,nontargeted,4.746,141.04686,53.77457:6850 59.34272:9482 60.73433:7942 84.12716:7883 85.07664:9699 112.08717:19833 123.0239:11434 141.04706:2708402 141.11362:26766,[M+H],141
HILICPos_93,1,Particulate,OBi1_set2,nontargeted,8.016,141.06578,53.48712:6576 55.68821:6196 57.41047:6865 59.60603:6457 63.21587:6434 76.0934:7147 78.33517:6424 81.04565:9029 94.67507:6658 95.06089:9464 111.05565:51412 123.05558:54688 124.33475:7917 141.04697:14542 141.06598:103314 141.07396:26167,[M+H],142
HILICPos_95,1,Particulate,OBi1_set2,nontargeted,10.263,142.0975,NA,NA,143
HILICPos_96,1,Particulate,OBi1_set2,nontargeted,9.536,142.63747,NA,NA,144
HILICPos_97,1,Particulate,OBi1_set2,nontargeted,9.612,142.9214,NA,NA,145
HILICPos_98,1,Particulate,OBi1_set2,nontargeted,9.556,142.95486,NA,NA,146
HILICPos_105,1,Particulate,OBi1_set2,nontargeted,9.491,143.16971,NA,NA,147
HILICPos_106,1,Particulate,OBi1_set2,nontargeted,9.433,143.2063,NA,NA,148
HILICPos_107,1,Particulate,OBi1_set2,nontargeted,9.485,143.52701,NA,NA,149
HILICPos_109,1,Particulate,OBi1_set2,nontargeted,10.694,145.04965,NA,[M+H],150
HILICPos_110,1,Particulate,OBi1_set2,nontargeted,10.33,146.0811,NA,NA,151
HILICPos_111,1,Particulate,OBi1_set2,nontargeted,11.358,146.09261,NA,NA,152
HILICPos_115,1,Particulate,OBi1_set2,nontargeted,11.501,147.5939,NA,NA,155
HILICPos_116,1,Particulate,OBi1_set2,nontargeted,11.458,147.92912,NA,NA,156
HILICPos_120,1,Particulate,OBi1_set2,nontargeted,6.499,148.09671,NA,NA,158
HILICPos_121,1,Particulate,OBi1_set2,nontargeted,11.417,148.52934,NA,NA,159
HILICPos_123,1,Particulate,OBi1_set2,nontargeted,10.854,151.04782,NA,[M+H],160
HILICPos_125,1,Particulate,OBi1_set2,nontargeted,7.648,152.05673,NA,NA,161
HILICPos_127,1,Particulate,OBi1_set2,nontargeted,3.637,154.09763,NA,NA,163
HILICPos_130,1,Particulate,OBi1_set2,nontargeted,9.159,157.04184,65.26609:8600 71.24049:7707 74.93156:15292 94.71522:7247 113.02641:17376 113.10773:41646 115.96471:8539 119.35658:7608 131.03683:10847 138.97018:8144 139.01846:42038 157.02924:121045 157.04198:1688099,NA,165
HILICPos_131,1,Particulate,OBi1_set2,nontargeted,8.251,157.09724,50.69287:6997 54.94466:6414 55.32527:6173 56.4342:6670 57.01014:7866 57.85853:6948 60.59503:6005 60.92301:6818 64.11874:6493 70.0658:8571 75.18207:7234 77.43037:7377 80.8493:6182 96.08117:10769 99.2421:7512 101.07141:58777 104.53833:8142 104.68991:9904 111.09207:203469 113.10767:154945 115.96449:20251 125.05606:7219 157.09731:1507054,[M+H],166
HILICPos_132,1,Particulate,OBi1_set2,nontargeted,16.856,158.08141,NA,NA,167
HILICPos_133,1,Particulate,OBi1_set2,nontargeted,10.947,158.55629,NA,NA,168
HILICPos_134,1,Particulate,OBi1_set2,nontargeted,11.189,158.92982,NA,NA,169
HILICPos_135,1,Particulate,OBi1_set2,nontargeted,11.069,158.97083,NA,NA,170
HILICPos_142,1,Particulate,OBi1_set2,nontargeted,11.037,159.17976,NA,NA,171
HILICPos_143,1,Particulate,OBi1_set2,nontargeted,11.125,159.22408,NA,NA,172
HILICPos_144,1,Particulate,OBi1_set2,nontargeted,11.095,159.59868,NA,NA,173
HILICPos_146,1,Particulate,OBi1_set2,nontargeted,10.826,161.09207,51.00978:6666 51.80576:8693 53.4291:6198 56.05024:35205 59.91939:6699 74.65627:7365 81.37035:7258 84.04494:25960 89.18747:7128 98.06049:175659 101.06754:12686 101.07138:266721 102.05542:18162 115.08669:36180 125.07123:24640 130.04997:8716 143.08148:67307 144.06558:891732,NA,174
HILICPos_148,1,Particulate,OBi1_set2,nontargeted,9.295,161.09213,56.05025:2097216 58.02952:115371 60.04514:91725 68.05024:15555 69.03416:26565 72.04507:46879 73.07672:109788 74.02431:33286 74.06077:59334 84.04497:6898463 84.24619:9007 85.02619:10208 85.02901:196335 87.04461:19573 95.01318:23830 97.07651:161160 98.06049:503142 101.07137:435268 102.04969:11045 102.05538:505872 115.08688:1152421 116.0709:521184 116.0756:18824 119.08176:48886 122.60285:11162 125.61523:10211 126.05505:38599 130.05:914620 143.08148:58731 144.06555:3829216 150.44739:11469 157.41405:10932,[M+H],175
HILICPos_149,1,Particulate,OBi1_set2,nontargeted,5.934,161.09233,NA,NA,176
HILICPos_150,1,Particulate,OBi1_set2,nontargeted,17.038,161.12862,NA,NA,177
HILICPos_151,1,Particulate,OBi1_set2,nontargeted,9.86,161.54308,NA,NA,178
HILICPos_152,1,Particulate,OBi1_set2,nontargeted,9.84,161.92474,NA,NA,179
HILICPos_153,1,Particulate,OBi1_set2,nontargeted,9.853,162.07591,52.65947:7318 54.24166:7841 56.25982:6371 59.03201:6282 60.64181:7084 68.05021:12687 70.06583:154785 72.47549:7261 74.23991:7246 85.02896:98206 98.06051:3361624 116.07092:981399 131.03403:21880 138.99281:41025 144.06558:338156 161.98769:7374 162.07613:101648,[M+H],180
HILICPos_154,1,Particulate,OBi1_set2,nontargeted,11.607,162.07639,NA,NA,181
HILICPos_155,1,Particulate,OBi1_set2,nontargeted,9.796,162.22943,NA,NA,182
HILICPos_156,1,Particulate,OBi1_set2,nontargeted,9.769,162.61125,NA,NA,183
HILICPos_157,1,Particulate,OBi1_set2,nontargeted,12.099,162.99792,NA,NA,184
HILICPos_163,1,Particulate,OBi1_set2,nontargeted,8.532,166.07231,NA,NA,185
HILICPos_164,1,Particulate,OBi1_set2,nontargeted,4.58,166.08621,60.58156:7315 64.53271:7221 86.689:6808 93.0705:20134 94.01263:6404 103.05464:82665 107.04951:23743 109.96803:6787 120.08109:1194235 131.04947:21213 140.44695:6783,[M+H],186
HILICPos_165,1,Particulate,OBi1_set2,nontargeted,11.264,166.08629,NA,NA,187
HILICPos_166,1,Particulate,OBi1_set2,nontargeted,2.928,167.09283,NA,NA,188
HILICPos_168,1,Particulate,OBi1_set2,nontargeted,11.425,170.04239,NA,[M+H],189
HILICPos_170,1,Particulate,OBi1_set2,nontargeted,11.387,171.0764,53.20921:6460 66.06043:8050 72.04514:18236 72.6198:7269 84.04498:431779 89.07152:39887 89.22683:6608 95.08259:6298 102.16595:8508 106.6652:6786 124.04416:7928 125.10743:78681 125.74647:6856 130.05002:636126 153.07393:12262 160.2683:7362 168.53079:7499 171.11285:301874,NA,190
HILICPos_172,1,Particulate,OBi1_set2,nontargeted,10.743,173.09206,NA,NA,191
HILICPos_173,1,Particulate,OBi1_set2,nontargeted,9.967,173.09221,NA,NA,192
HILICPos_174,1,Particulate,OBi1_set2,nontargeted,8.336,174.03868,NA,NA,193
HILICPos_175,1,Particulate,OBi1_set2,nontargeted,10.559,174.08766,NA,NA,194
HILICPos_176,1,Particulate,OBi1_set2,nontargeted,7.676,175.10779,55.98551:7853 55.98695:8306 56.05023:10446 58.02951:36430 58.10687:7033 61.60739:7591 64.9507:7725 68.05022:9366 68.86811:6765 69.03434:13884 70.06581:105422 74.35268:9353 80.05009:7426 83.26295:8236 85.0291:55718 87.04457:10000 88.97835:7066 95.01346:9867 98.06052:3124182 99.16063:8762 105.95736:7156 107.01143:7892 111.09229:8603 115.60281:7729 116.06656:15926 116.07092:224823 124.06165:8878 126.05526:15887 129.10242:128531 142.54263:7748 144.0656:1993023 157.09727:26870,NA,195
HILICPos_177,1,Particulate,OBi1_set2,nontargeted,11.398,175.10808,NA,NA,196
HILICPos_180,1,Particulate,OBi1_set2,nontargeted,11.733,178.00879,NA,[M+H],199
HILICPos_181,1,Particulate,OBi1_set2,nontargeted,12.193,180.0867,NA,NA,200
HILICPos_186,1,Particulate,OBi1_set2,nontargeted,6.43,182.10379,NA,NA,202
HILICPos_189,1,Particulate,OBi1_set2,nontargeted,10.913,185.03253,NA,[M+H],203
HILICPos_190,1,Particulate,OBi1_set2,nontargeted,9.836,185.09238,NA,NA,204
HILICPos_192,1,Particulate,OBi1_set2,nontargeted,11.847,188.05562,NA,[M+H],205
HILICPos_193,1,Particulate,OBi1_set2,nontargeted,7.467,188.07089,NA,[M+H],206
HILICPos_195,1,Particulate,OBi1_set2,nontargeted,12.161,190.993,NA,NA,207
HILICPos_197,1,Particulate,OBi1_set2,nontargeted,4.01,191.04855,NA,[M+H],208
HILICPos_198,1,Particulate,OBi1_set2,nontargeted,13.621,191.10287,NA,[M+H],209
HILICPos_201,1,Particulate,OBi1_set2,nontargeted,5.726,196.10835,51.75809:6642 59.06119:25476 59.25867:6581 66.60036:6495 66.62492:7300 71.80388:6038 73.35178:6079 97.35278:6635 98.68143:6891 115.34962:7046 135.4922:8134 138.05508:452908 180.142:8817,NA,210
HILICPos_204,1,Particulate,OBi1_set2,nontargeted,5.763,197.11166,NA,NA,211
HILICPos_205,1,Particulate,OBi1_set2,nontargeted,8.414,197.11467,NA,NA,212
HILICPos_208,1,Particulate,OBi1_set2,nontargeted,13.204,199.03293,NA,NA,213
HILICPos_210,1,Particulate,OBi1_set2,nontargeted,11.616,202.07143,NA,[M+H],214
HILICPos_211,1,Particulate,OBi1_set2,nontargeted,10.453,203.05293,NA,NA,215
HILICPos_212,1,Particulate,OBi1_set2,nontargeted,9.816,203.1028,NA,NA,216
HILICPos_213,1,Particulate,OBi1_set2,nontargeted,9.959,204.08675,NA,NA,217
HILICPos_214,1,Particulate,OBi1_set2,nontargeted,11.726,204.08679,NA,NA,218
HILICPos_215,1,Particulate,OBi1_set2,nontargeted,10.695,204.08694,NA,NA,219
HILICPos_216,1,Particulate,OBi1_set2,nontargeted,15.787,204.13463,NA,[M+H],220
HILICPos_217,1,Particulate,OBi1_set2,nontargeted,11.892,205.08243,NA,NA,221
HILICPos_219,1,Particulate,OBi1_set2,nontargeted,10.702,205.1295,NA,NA,222
HILICPos_221,1,Particulate,OBi1_set2,nontargeted,9.107,206.10271,NA,NA,223
HILICPos_223,1,Particulate,OBi1_set2,nontargeted,11.747,212.02252,NA,NA,224
HILICPos_226,1,Particulate,OBi1_set2,nontargeted,11.27,216.06335,51.45436:6985 53.59893:6032 62.06085:154214 62.98753:8127 63.89124:7075 68.48779:6294 72.22716:6674 85.27873:6367 96.01912:6285 99.47187:7084 120.86324:6839 136.23228:7290 142.99648:28534 160.0231:48185 171.96649:6981 173.02112:29357 173.62935:6840 195.88644:7543 198.05299:86614 209.03888:8132 216.06343:98963 216.08612:20121,[M+H],225
HILICPos_227,1,Particulate,OBi1_set2,nontargeted,11.063,217.12962,NA,NA,226
HILICPos_228,1,Particulate,OBi1_set2,nontargeted,12.932,219.00569,NA,[M+H],227
HILICPos_229,1,Particulate,OBi1_set2,nontargeted,10.515,219.04788,NA,NA,228
HILICPos_230,1,Particulate,OBi1_set2,nontargeted,11.438,219.09801,NA,[M+H],229
HILICPos_231,1,Particulate,OBi1_set2,nontargeted,9.606,219.13409,NA,NA,230
HILICPos_233,1,Particulate,OBi1_set2,nontargeted,9.443,220.12927,NA,NA,231
HILICPos_234,1,Particulate,OBi1_set2,nontargeted,9.489,221.0587,NA,NA,232
HILICPos_235,1,Particulate,OBi1_set2,nontargeted,13.415,225.01591,NA,NA,233
HILICPos_236,1,Particulate,OBi1_set2,nontargeted,10.785,225.0538,NA,NA,234
HILICPos_237,1,Particulate,OBi1_set2,nontargeted,11.442,226.0378,NA,NA,235
HILICPos_240,1,Particulate,OBi1_set2,nontargeted,6.896,228.09781,NA,[M+H],236
HILICPos_243,1,Particulate,OBi1_set2,nontargeted,15.472,232.16599,NA,[M+H],237
HILICPos_245,1,Particulate,OBi1_set2,nontargeted,12.135,233.11366,NA,[M+H],238
HILICPos_246,1,Particulate,OBi1_set2,nontargeted,12.184,235.09264,NA,NA,239
HILICPos_247,1,Particulate,OBi1_set2,nontargeted,11.16,235.12895,NA,NA,240
HILICPos_249,1,Particulate,OBi1_set2,nontargeted,11.148,237.05357,NA,NA,241
HILICPos_251,1,Particulate,OBi1_set2,nontargeted,9.048,239.06963,NA,NA,242
HILICPos_252,1,Particulate,OBi1_set2,nontargeted,9.922,240.05342,NA,NA,243
HILICPos_254,1,Particulate,OBi1_set2,nontargeted,11.567,241.07964,NA,NA,245
HILICPos_259,1,Particulate,OBi1_set2,nontargeted,16.897,246.18144,59.8577:7740 60.04855:6578 66.24175:7838 66.79006:7001 68.58829:6980 72.08154:109702 79.15811:6832 82.22945:6251 84.14558:6694 94.48946:7356 102.57862:6554 158.08133:78856 164.02925:7912 175.10805:168390 217.69942:60388 217.71303:22546 229.15498:320268 240.95132:7847 246.18152:1294612,[M+H],247
HILICPos_260,1,Particulate,OBi1_set2,nontargeted,13.214,246.18175,NA,NA,248
HILICPos_261,1,Particulate,OBi1_set2,nontargeted,9.782,247.05792,NA,[M+H],249
HILICPos_263,1,Particulate,OBi1_set2,nontargeted,11.899,247.12938,NA,[M+H],250
HILICPos_264,1,Particulate,OBi1_set2,nontargeted,14.215,248.0768,NA,[M+H],251
HILICPos_265,1,Particulate,OBi1_set2,nontargeted,12.968,248.12457,NA,[M+H],252
HILICPos_267,1,Particulate,OBi1_set2,nontargeted,9.655,256.08145,NA,NA,254
HILICPos_268,1,Particulate,OBi1_set2,nontargeted,4.959,257.11319,NA,[M+H],255
HILICPos_269,1,Particulate,OBi1_set2,nontargeted,7.254,258.18146,NA,NA,256
HILICPos_270,1,Particulate,OBi1_set2,nontargeted,7.348,259.10388,NA,[M+H],257
HILICPos_271,1,Particulate,OBi1_set2,nontargeted,11.261,260.02756,NA,NA,258
HILICPos_273,1,Particulate,OBi1_set2,nontargeted,10.498,260.16098,NA,NA,259
HILICPos_274,1,Particulate,OBi1_set2,nontargeted,13.448,261.03748,NA,[M+H],260
HILICPos_275,1,Particulate,OBi1_set2,nontargeted,10.422,261.10818,NA,NA,261
HILICPos_276,1,Particulate,OBi1_set2,nontargeted,11.499,265.13995,NA,NA,262
HILICPos_282,1,Particulate,OBi1_set2,nontargeted,10.685,269.08688,NA,[M+H],264
HILICPos_283,1,Particulate,OBi1_set2,nontargeted,7.754,269.08801,NA,[M+H],265
HILICPos_284,1,Particulate,OBi1_set2,nontargeted,4.478,269.10754,NA,NA,266
HILICPos_285,1,Particulate,OBi1_set2,nontargeted,16.213,269.12549,NA,NA,267
HILICPos_286,1,Particulate,OBi1_set2,nontargeted,11.812,270.10068,NA,[M+H],268
HILICPos_287,1,Particulate,OBi1_set2,nontargeted,4.647,272.09201,NA,NA,269
HILICPos_288,1,Particulate,OBi1_set2,nontargeted,12.964,273.03745,NA,[M+H],270
HILICPos_289,1,Particulate,OBi1_set2,nontargeted,4.624,273.08887,55.01862:38328 56.27164:8560 57.03431:97135 61.02923:14027 61.31273:8377 69.03426:38134 71.01336:14115 71.5878:7482 73.02908:60856 73.34836:7902 73.42339:10216 78.24009:9897 79.94724:7705 85.02909:94182 87.04464:20581 94.74747:7822 97.02883:27424 103.03954:18462 108.03392:10737 115.03943:85399 123.97101:11489 133.04977:94267 140.05:27693 140.07693:10056 141.04701:14269753 151.04568:8494 217.12291:12388 217.13747:83429,[M+H],271
HILICPos_292,1,Particulate,OBi1_set2,nontargeted,12.034,275.13553,NA,NA,272
HILICPos_295,1,Particulate,OBi1_set2,nontargeted,11.09,276.11957,NA,NA,273
HILICPos_296,1,Particulate,OBi1_set2,nontargeted,13.47,277.10297,51.34307:6216 56.10023:6904 60.11179:7189 63.31311:8086 63.98062:6689 66.47106:7299 67.98285:7580 70.13431:6872 82.92945:7986 83.65202:6803 84.04503:31483 86.73365:6741 89.70277:7467 101.77747:7162 102.05548:70279 104.25164:7870 106.64887:7118 130.05017:207404 148.06059:988380 162.10979:6944 184.37848:7053 214.07143:61777 217.04164:80080 217.0556:9826 258.13559:7467 259.09241:20531 260.07693:113604 271.66235:7099 277.10327:540167,[M+H],274
HILICPos_298,1,Particulate,OBi1_set2,nontargeted,12.743,278.06366,NA,NA,275
HILICPos_299,1,Particulate,OBi1_set2,nontargeted,5.625,278.1218,62.61651:8078 68.37255:6098 69.91776:7060 72.00241:7123 73.56844:7046 77.85472:6952 94.06564:135744 95.07175:8132 96.0449:51536 97.08445:149491 101.78806:8455 108.28168:7203 118.70706:6750 123.9807:6894 124.02675:9075 124.0397:20947 125.26546:7852 138.05502:719764 139.05843:10615 139.56197:6748 141.07382:772987 146.02617:7792 217.0305:44735 217.04633:42504,NA,276
HILICPos_300,1,Particulate,OBi1_set2,nontargeted,10.325,279.10095,NA,[M+H],277
HILICPos_302,1,Particulate,OBi1_set2,nontargeted,12.748,283.01901,NA,NA,278
HILICPos_305,1,Particulate,OBi1_set2,nontargeted,9.598,285.15558,50.23877:7121 54.09203:5592 56.26893:6462 66.5152:5992 66.59449:6971 75.97484:7495 83.76398:6533 88.30085:7048 88.97884:8384 108.53132:7014 122.7859:6637 141.66174:7288 143.08165:30125 152.05659:9160 153.06017:11340 173.42421:8210 175.87663:7537 194.70381:6770 213.47113:6897 216.90717:34554,[M+H],280
HILICPos_307,1,Particulate,OBi1_set2,nontargeted,3.152,287.10486,NA,NA,281
HILICPos_308,1,Particulate,OBi1_set2,nontargeted,9.189,288.08701,NA,NA,282
HILICPos_309,1,Particulate,OBi1_set2,nontargeted,9.164,289.08395,55.05492:6942 58.53535:6099 62.04889:7050 69.03737:6938 71.02474:6771 78.89108:6833 85.87514:7100 87.71677:8659 90.54795:7087 98.21936:7344 105.31388:7087 107.44073:7724 131.03659:11773 134.40396:6807 139.01843:18088 157.02925:62649 157.04193:936354 163.33839:7573 167.08177:7258 171.94774:7055 193.22472:7400 205.44501:9075 216.84195:58566 216.85605:37702 218.36169:6972,[M+H],283
HILICPos_313,1,Particulate,OBi1_set2,nontargeted,13.077,291.11945,NA,[M+H],285
HILICPos_316,1,Particulate,OBi1_set2,nontargeted,11.216,294.04053,NA,NA,286
HILICPos_320,1,Particulate,OBi1_set2,nontargeted,11.464,298.05267,NA,[M+H],287
HILICPos_321,1,Particulate,OBi1_set2,nontargeted,2.495,298.09744,NA,NA,288
HILICPos_322,1,Particulate,OBi1_set2,nontargeted,11.966,298.10159,NA,NA,289
HILICPos_324,1,Particulate,OBi1_set2,nontargeted,12.265,300.98505,NA,NA,290
HILICPos_325,1,Particulate,OBi1_set2,nontargeted,11.44,304.01569,NA,[M+H],291
HILICPos_326,1,Particulate,OBi1_set2,nontargeted,14.8,306.07581,NA,[M+H],292
HILICPos_327,1,Particulate,OBi1_set2,nontargeted,10.638,307.04291,NA,NA,293
HILICPos_331,1,Particulate,OBi1_set2,nontargeted,10.854,313.05054,NA,[M+H],294
HILICPos_333,1,Particulate,OBi1_set2,nontargeted,10.658,314.14474,50.15146:7659 57.07542:6356 57.51115:7705 62.7075:6787 68.72012:9072 71.50298:7182 76.13398:6709 84.10434:7438 124.71284:6942 137.73947:6869 147.73892:8770 164.89183:6248 216.41714:10676 216.42868:61373 216.44409:37453 219.47479:13352 230.81294:6715 269.36945:6607,[M+H],295
HILICPos_335,1,Particulate,OBi1_set2,nontargeted,11.435,317.08325,NA,NA,296
HILICPos_337,1,Particulate,OBi1_set2,nontargeted,12.129,318.06,NA,[M+H],297
HILICPos_340,1,Particulate,OBi1_set2,nontargeted,3.685,321.16599,NA,NA,298
HILICPos_341,1,Particulate,OBi1_set2,nontargeted,9.221,322.16559,NA,[M+H],299
HILICPos_343,1,Particulate,OBi1_set2,nontargeted,12.635,324.05966,NA,[M+H],300
HILICPos_344,1,Particulate,OBi1_set2,nontargeted,12.182,325.0437,NA,[M+H],301
HILICPos_348,1,Particulate,OBi1_set2,nontargeted,11.88,335.06396,NA,NA,302
HILICPos_351,1,Particulate,OBi1_set2,nontargeted,9.894,344.09109,NA,NA,303
HILICPos_352,1,Particulate,OBi1_set2,nontargeted,6.94,344.13916,NA,NA,304
HILICPos_353,1,Particulate,OBi1_set2,nontargeted,10.394,346.19714,68.25227:7265 91.07076:7842 104.00304:6885 120.93548:9213 135.26123:6853 148.87355:7295 158.08145:63037 192.77345:6817 227.16032:10822 246.18144:32703 252.60605:8910 328.18677:33696,[M+H],305
HILICPos_355,1,Particulate,OBi1_set2,nontargeted,11.036,348.07071,NA,[M+H],306
HILICPos_357,1,Particulate,OBi1_set2,nontargeted,10.663,358.13437,NA,NA,308
HILICPos_358,1,Particulate,OBi1_set2,nontargeted,11.38,359.14868,NA,NA,309
HILICPos_359,1,Particulate,OBi1_set2,nontargeted,12.785,360.9964,NA,NA,310
HILICPos_360,1,Particulate,OBi1_set2,nontargeted,10.688,361.15363,NA,NA,311
HILICPos_361,1,Particulate,OBi1_set2,nontargeted,10.615,364.09091,NA,NA,312
HILICPos_363,1,Particulate,OBi1_set2,nontargeted,10.678,369.04654,NA,NA,313
HILICPos_364,1,Particulate,OBi1_set2,nontargeted,10.64,372.15039,NA,NA,314
HILICPos_365,1,Particulate,OBi1_set2,nontargeted,10.022,373.1644,NA,NA,315
HILICPos_367,1,Particulate,OBi1_set2,nontargeted,10.586,383.11606,NA,NA,316
HILICPos_368,1,Particulate,OBi1_set2,nontargeted,4.881,386.04272,NA,NA,317
HILICPos_369,1,Particulate,OBi1_set2,nontargeted,9.756,389.091,NA,NA,318
HILICPos_370,1,Particulate,OBi1_set2,nontargeted,12.833,391.18283,NA,[M+H],319
HILICPos_371,1,Particulate,OBi1_set2,nontargeted,11.342,398.04135,NA,NA,320
HILICPos_372,1,Particulate,OBi1_set2,nontargeted,8.339,398.13959,NA,NA,321
HILICPos_373,1,Particulate,OBi1_set2,nontargeted,10.638,399.16061,NA,NA,322
HILICPos_374,1,Particulate,OBi1_set2,nontargeted,5.256,405.15179,NA,NA,323
HILICPos_375,1,Particulate,OBi1_set2,nontargeted,5.335,410.13675,NA,NA,324
HILICPos_376,1,Particulate,OBi1_set2,nontargeted,9.843,412.05704,NA,NA,325
HILICPos_378,1,Particulate,OBi1_set2,nontargeted,10.743,415.15567,NA,NA,326
HILICPos_379,1,Particulate,OBi1_set2,nontargeted,13.092,427.0961,NA,[M+H],327
HILICPos_380,1,Particulate,OBi1_set2,nontargeted,12.734,428.03729,NA,[M+H],328
HILICPos_381,1,Particulate,OBi1_set2,nontargeted,4.803,431.10077,NA,NA,329
HILICPos_383,1,Particulate,OBi1_set2,nontargeted,12.602,433.02252,NA,[M+H],330
HILICPos_384,1,Particulate,OBi1_set2,nontargeted,10.82,437.13922,NA,[M+H],331
HILICPos_386,1,Particulate,OBi1_set2,nontargeted,4.272,452.85101,NA,NA,332
HILICPos_388,1,Particulate,OBi1_set2,nontargeted,9.902,457.11517,NA,NA,333
HILICPos_389,1,Particulate,OBi1_set2,nontargeted,4.729,479.19196,NA,NA,334
HILICPos_390,1,Particulate,OBi1_set2,nontargeted,12.804,484.11707,NA,[M+H],335
HILICPos_391,1,Particulate,OBi1_set2,nontargeted,4.704,484.17746,NA,NA,336
HILICPos_393,1,Particulate,OBi1_set2,nontargeted,11.666,488.2023,NA,[M+H],337
HILICPos_394,1,Particulate,OBi1_set2,nontargeted,11.529,501.21399,NA,[M+H],338
HILICPos_395,1,Particulate,OBi1_set2,nontargeted,10.581,502.15753,NA,NA,339
HILICPos_396,1,Particulate,OBi1_set2,nontargeted,11.509,502.21771,NA,[M+H],340
HILICPos_398,1,Particulate,OBi1_set2,nontargeted,4.641,518.08496,NA,NA,341
HILICPos_400,1,Particulate,OBi1_set2,nontargeted,9.508,535.13733,NA,NA,342
HILICPos_401,1,Particulate,OBi1_set2,nontargeted,11.524,546.18164,NA,NA,343
HILICPos_403,1,Particulate,OBi1_set2,nontargeted,10.664,559.14832,50.36499:6817 57.5578:6423 79.51517:6651 79.77022:7279 81.98986:6383 83.58903:7812 87.497:6287 100.76665:7479 119.85477:7333 141.96634:6638 149.67766:9570 151.66759:6081 154.86897:7408 184.09758:7269 213.65947:8020 220.927:7040 227.1662:8108 227.17993:11614 291.06873:408519 317.38837:7791 388.48486:6838 397.0831:95415 398.29211:7841,NA,344
HILICPos_404,1,Particulate,OBi1_set2,nontargeted,4.597,563.14227,NA,NA,345
HILICPos_405,1,Particulate,OBi1_set2,nontargeted,10.623,581.13049,NA,NA,346
HILICPos_406,1,Particulate,OBi1_set2,nontargeted,13.129,584.08923,NA,NA,347
HILICPos_407,1,Particulate,OBi1_set2,nontargeted,13.127,589.04565,NA,NA,348
HILICPos_409,1,Particulate,OBi1_set2,nontargeted,15.449,598.06842,NA,NA,349
HILICPos_410,1,Particulate,OBi1_set2,nontargeted,12.054,608.0899,NA,[M+H],350
HILICPos_414,1,Particulate,OBi1_set2,nontargeted,10.673,637.12537,NA,NA,352
HILICPos_416,1,Particulate,OBi1_set2,nontargeted,10.566,648.27258,NA,NA,353
HILICPos_417,1,Particulate,OBi1_set2,nontargeted,2.306,654.26733,NA,NA,354
HILICPos_418,1,Particulate,OBi1_set2,nontargeted,11.096,664.11786,NA,[M+H],355
HILICNeg_1,-1,Particulate,OBi1_set2,nontargeted,3.666,87.0076,NA,NA,356
HILICNeg_7,-1,Particulate,OBi1_set2,nontargeted,11.827,98.06001,NA,NA,357
HILICNeg_8,-1,Particulate,OBi1_set2,nontargeted,10.897,98.06005,NA,NA,358
HILICNeg_10,-1,Particulate,OBi1_set2,nontargeted,12.227,101.02333,NA,[M-H]-,359
HILICNeg_13,-1,Particulate,OBi1_set2,nontargeted,4.882,103.03886,50.17123:6369 57.03335:12644 58.36202:7883 59.01266:1285061 59.08838:6191 69.78205:7076 72.62004:7468 103.03899:161291,NA,360
HILICNeg_14,-1,Particulate,OBi1_set2,nontargeted,12.073,103.03888,NA,NA,361
HILICNeg_18,-1,Particulate,OBi1_set2,nontargeted,11.655,110.98424,NA,[M-H]-,362
HILICNeg_19,-1,Particulate,OBi1_set2,nontargeted,14.322,111.00758,NA,NA,363
HILICNeg_20,-1,Particulate,OBi1_set2,nontargeted,5.919,111.0188,52.96132:6876 56.07968:7351 68.01312:7935 79.71623:6868 81.03244:8230 94.92538:6787 99.71152:6442 111.01896:556838 111.05523:9868,NA,364
HILICNeg_22,-1,Particulate,OBi1_set2,nontargeted,16.452,112.93617,NA,NA,366
HILICNeg_23,-1,Particulate,OBi1_set2,nontargeted,11.027,113.02335,NA,NA,367
HILICNeg_24,-1,Particulate,OBi1_set2,nontargeted,10.588,113.02341,NA,NA,368
HILICNeg_25,-1,Particulate,OBi1_set2,nontargeted,9.825,113.05978,NA,NA,369
HILICNeg_29,-1,Particulate,OBi1_set2,nontargeted,8.318,116.0705,NA,NA,371
HILICNeg_34,-1,Particulate,OBi1_set2,nontargeted,5.231,122.02378,NA,NA,373
HILICNeg_37,-1,Particulate,OBi1_set2,nontargeted,4.33,126.53474,NA,NA,375
HILICNeg_38,-1,Particulate,OBi1_set2,nontargeted,4.285,126.87865,NA,NA,376
HILICNeg_40,-1,Particulate,OBi1_set2,nontargeted,4.281,126.90396,51.23857:7792 52.38636:7333 55.1305:8351 55.91564:7460 59.56837:8770 61.01197:6845 61.63656:7985 68.07795:7170 79.1843:8276 79.75154:9485 82.51614:7363 124.04727:8864 126.9041:11499153,[M-H]-,377
HILICNeg_43,-1,Particulate,OBi1_set2,nontargeted,14.448,126.99091,NA,[M-H]-,378
HILICNeg_45,-1,Particulate,OBi1_set2,nontargeted,4.28,127.27446,NA,NA,379
HILICNeg_53,-1,Particulate,OBi1_set2,nontargeted,11.538,131.08153,NA,[M-H]-,381
HILICNeg_55,-1,Particulate,OBi1_set2,nontargeted,13.238,132.02913,NA,NA,382
HILICNeg_57,-1,Particulate,OBi1_set2,nontargeted,2.915,133.9908,NA,NA,383
HILICNeg_58,-1,Particulate,OBi1_set2,nontargeted,4.732,134.04611,51.68493:7455 51.79963:6324 52.99458:7223 54.95824:7338 58.37181:6793 59.33075:7561 60.12006:7222 65.01335:58191 65.97483:7278 68.02433:43737 72.72107:7101 75.48124:7622 80.02428:28946 80.96421:9590 92.02432:590201 107.03527:2179792 109.04078:7677 113.75312:9163 120.96758:6853 121.04894:8467 134.0463:3691300,NA,384
HILICNeg_70,-1,Particulate,OBi1_set2,nontargeted,9.438,140.6333,NA,NA,385
HILICNeg_73,-1,Particulate,OBi1_set2,nontargeted,9.446,141.50032,NA,NA,386
HILICNeg_74,-1,Particulate,OBi1_set2,nontargeted,9.57,142.04988,50.49536:7611 57.51929:6453 68.5017:7087 73.32371:7237 108.33372:7280 116.80191:8801 142.05011:107615 142.06889:7065,NA,387
HILICNeg_75,-1,Particulate,OBi1_set2,nontargeted,10.781,142.05016,52.79665:7076 56.8235:7914 58.62872:8939 69.71294:7010 72.55456:6759 78.9669:6809 98.06005:32580 102.50553:7180 109.26369:7054 112.2522:7821 142.05:20524,NA,388
HILICNeg_77,-1,Particulate,OBi1_set2,nontargeted,9.857,142.06952,55.82109:6494 76.62087:6505 93.14487:6500 95.5034:6037 142.06334:34731 142.06938:457794,NA,389
HILICNeg_83,-1,Particulate,OBi1_set2,nontargeted,11.405,145.5891,NA,NA,391
HILICNeg_86,-1,Particulate,OBi1_set2,nontargeted,7.11,146.045,NA,NA,392
HILICNeg_87,-1,Particulate,OBi1_set2,nontargeted,11.406,146.07651,NA,NA,393
HILICNeg_88,-1,Particulate,OBi1_set2,nontargeted,11.417,146.50258,NA,NA,394
HILICNeg_90,-1,Particulate,OBi1_set2,nontargeted,11.034,148.99005,NA,[M-H]-,395
HILICNeg_92,-1,Particulate,OBi1_set2,nontargeted,8.522,151.02528,50.31604:6960 57.49166:6986 59.83306:7391 94.78014:6485 108.01932:336758 126.03011:14157 126.70913:7296 136.01576:7798 146.77295:8211,NA,396
HILICNeg_93,-1,Particulate,OBi1_set2,nontargeted,12.855,152.98541,NA,NA,397
HILICNeg_102,-1,Particulate,OBi1_set2,nontargeted,5.201,160.06087,NA,NA,399
HILICNeg_108,-1,Particulate,OBi1_set2,nontargeted,9.537,167.02034,NA,NA,400
HILICNeg_117,-1,Particulate,OBi1_set2,nontargeted,9.768,175.06065,50.15618:6169 51.08667:6073 59.01265:11991 59.8452:7559 68.60125:7190 68.97561:6796 72.13523:6901 79.78297:7363 85.06478:196844 92.55552:6553 113.05981:172176 115.03906:479231 119.69511:6452 130.25392:7665 130.52605:7292 131.07033:27148 157.04999:27987 175.06061:91979,NA,402
HILICNeg_121,-1,Particulate,OBi1_set2,nontargeted,9.46,179.03979,NA,NA,403
HILICNeg_122,-1,Particulate,OBi1_set2,nontargeted,10.941,179.05553,NA,[M-H]-,404
HILICNeg_123,-1,Particulate,OBi1_set2,nontargeted,5.525,180.0294,NA,[M-H]-,405
HILICNeg_126,-1,Particulate,OBi1_set2,nontargeted,10.186,181.07124,NA,NA,406
HILICNeg_129,-1,Particulate,OBi1_set2,nontargeted,7.52,185.02158,NA,NA,408
HILICNeg_131,-1,Particulate,OBi1_set2,nontargeted,11.375,186.02539,NA,NA,409
HILICNeg_132,-1,Particulate,OBi1_set2,nontargeted,5.643,188.03772,NA,NA,410
HILICNeg_134,-1,Particulate,OBi1_set2,nontargeted,4.265,188.905,56.24233:6592 56.84712:8580 57.18656:6464 92.7298:7002 105.75894:6714 105.90719:6771 111.05541:18101 117.66795:6410 124.04542:6400 143.04543:27162 155.04552:44647 159.74245:7147 178.97694:6346,NA,411
HILICNeg_135,-1,Particulate,OBi1_set2,nontargeted,11.58,188.9623,NA,NA,412
HILICNeg_139,-1,Particulate,OBi1_set2,nontargeted,10.775,193.03497,NA,NA,414
HILICNeg_147,-1,Particulate,OBi1_set2,nontargeted,12.272,197.02113,NA,NA,416
HILICNeg_148,-1,Particulate,OBi1_set2,nontargeted,4.912,197.0424,NA,NA,417
HILICNeg_149,-1,Particulate,OBi1_set2,nontargeted,9.289,197.05075,NA,NA,418
HILICNeg_154,-1,Particulate,OBi1_set2,nontargeted,9.474,199.02492,NA,NA,419
HILICNeg_159,-1,Particulate,OBi1_set2,nontargeted,9.676,201.08748,NA,NA,420
HILICNeg_160,-1,Particulate,OBi1_set2,nontargeted,6.159,201.08786,NA,NA,421
HILICNeg_163,-1,Particulate,OBi1_set2,nontargeted,10.265,204.05086,NA,NA,422
HILICNeg_164,-1,Particulate,OBi1_set2,nontargeted,9.159,204.08733,NA,NA,423
HILICNeg_165,-1,Particulate,OBi1_set2,nontargeted,13.725,205.0349,NA,NA,424
HILICNeg_166,-1,Particulate,OBi1_set2,nontargeted,9.477,207.0506,NA,NA,425
HILICNeg_169,-1,Particulate,OBi1_set2,nontargeted,11.901,211.00085,NA,NA,426
HILICNeg_171,-1,Particulate,OBi1_set2,nontargeted,4.404,211.8824,NA,NA,427
HILICNeg_172,-1,Particulate,OBi1_set2,nontargeted,14.335,212.98878,NA,NA,428
HILICNeg_173,-1,Particulate,OBi1_set2,nontargeted,10.898,213.01643,NA,NA,429
HILICNeg_176,-1,Particulate,OBi1_set2,nontargeted,4.286,215.83759,NA,NA,430
HILICNeg_177,-1,Particulate,OBi1_set2,nontargeted,9.129,216.08716,NA,NA,431
HILICNeg_179,-1,Particulate,OBi1_set2,nontargeted,9.682,217.11914,NA,NA,432
HILICNeg_180,-1,Particulate,OBi1_set2,nontargeted,4.316,217.8358,NA,NA,433
HILICNeg_182,-1,Particulate,OBi1_set2,nontargeted,4.689,218.10284,NA,NA,434
HILICNeg_183,-1,Particulate,OBi1_set2,nontargeted,10.638,223.73857,NA,NA,435
HILICNeg_187,-1,Particulate,OBi1_set2,nontargeted,4.352,226.82991,NA,NA,436
HILICNeg_188,-1,Particulate,OBi1_set2,nontargeted,7.412,228.97151,NA,NA,437
HILICNeg_189,-1,Particulate,OBi1_set2,nontargeted,10.57,229.00204,NA,NA,438
HILICNeg_193,-1,Particulate,OBi1_set2,nontargeted,7.481,230.9697,NA,NA,440
HILICNeg_195,-1,Particulate,OBi1_set2,nontargeted,10.673,237.06134,NA,NA,441
HILICNeg_196,-1,Particulate,OBi1_set2,nontargeted,10.519,239.01678,NA,NA,442
HILICNeg_199,-1,Particulate,OBi1_set2,nontargeted,11.25,241.01187,NA,NA,443
HILICNeg_200,-1,Particulate,OBi1_set2,nontargeted,10.689,241.0119,NA,NA,444
HILICNeg_202,-1,Particulate,OBi1_set2,nontargeted,10.495,242.05162,NA,NA,446
HILICNeg_203,-1,Particulate,OBi1_set2,nontargeted,10.878,242.05186,NA,NA,447
HILICNeg_205,-1,Particulate,OBi1_set2,nontargeted,10.826,243.02727,NA,NA,448
HILICNeg_211,-1,Particulate,OBi1_set2,nontargeted,11.403,245.97084,NA,NA,450
HILICNeg_216,-1,Particulate,OBi1_set2,nontargeted,9.336,249.06168,NA,NA,451
HILICNeg_217,-1,Particulate,OBi1_set2,nontargeted,8.871,249.09799,NA,NA,452
HILICNeg_218,-1,Particulate,OBi1_set2,nontargeted,8.887,251.07687,NA,NA,453
HILICNeg_219,-1,Particulate,OBi1_set2,nontargeted,9.423,251.07709,NA,NA,454
HILICNeg_223,-1,Particulate,OBi1_set2,nontargeted,8.612,256.05939,NA,[M-H]-,455
HILICNeg_227,-1,Particulate,OBi1_set2,nontargeted,8.594,258.05679,NA,NA,456
HILICNeg_230,-1,Particulate,OBi1_set2,nontargeted,4.428,261.09628,NA,NA,458
HILICNeg_231,-1,Particulate,OBi1_set2,nontargeted,2.232,261.13446,NA,NA,459
HILICNeg_232,-1,Particulate,OBi1_set2,nontargeted,4.729,261.95978,NA,NA,460
HILICNeg_233,-1,Particulate,OBi1_set2,nontargeted,14.237,264.94266,NA,NA,461
HILICNeg_235,-1,Particulate,OBi1_set2,nontargeted,10.706,265.94662,NA,NA,462
HILICNeg_237,-1,Particulate,OBi1_set2,nontargeted,7.654,266.08948,NA,NA,463
HILICNeg_239,-1,Particulate,OBi1_set2,nontargeted,10.706,266.99033,NA,NA,464
HILICNeg_243,-1,Particulate,OBi1_set2,nontargeted,10.712,267.15234,NA,NA,465
HILICNeg_245,-1,Particulate,OBi1_set2,nontargeted,10.71,268.20441,NA,NA,466
HILICNeg_246,-1,Particulate,OBi1_set2,nontargeted,8.686,269.0549,NA,NA,467
HILICNeg_248,-1,Particulate,OBi1_set2,nontargeted,4.449,270.81268,NA,NA,468
HILICNeg_250,-1,Particulate,OBi1_set2,nontargeted,3.61,274.09366,NA,NA,469
HILICNeg_251,-1,Particulate,OBi1_set2,nontargeted,12.013,274.10461,NA,NA,470
HILICNeg_254,-1,Particulate,OBi1_set2,nontargeted,12.264,276.98825,NA,NA,471
HILICNeg_256,-1,Particulate,OBi1_set2,nontargeted,11.138,278.00061,NA,NA,472
HILICNeg_257,-1,Particulate,OBi1_set2,nontargeted,8.336,278.05521,NA,NA,473
HILICNeg_259,-1,Particulate,OBi1_set2,nontargeted,8.36,280.05246,NA,NA,474
HILICNeg_260,-1,Particulate,OBi1_set2,nontargeted,6.053,281.03583,NA,NA,475
HILICNeg_261,-1,Particulate,OBi1_set2,nontargeted,13.128,282.0202,NA,[M-H]-,476
HILICNeg_263,-1,Particulate,OBi1_set2,nontargeted,13.8,282.9527,NA,NA,477
HILICNeg_264,-1,Particulate,OBi1_set2,nontargeted,11.14,284.09912,NA,NA,478
HILICNeg_273,-1,Particulate,OBi1_set2,nontargeted,14.529,290.96756,NA,NA,479
HILICNeg_274,-1,Particulate,OBi1_set2,nontargeted,10.007,292.01648,NA,NA,480
HILICNeg_276,-1,Particulate,OBi1_set2,nontargeted,14.22,294.99377,NA,NA,481
HILICNeg_279,-1,Particulate,OBi1_set2,nontargeted,10.461,298.98987,NA,[M-H]-,482
HILICNeg_281,-1,Particulate,OBi1_set2,nontargeted,4.252,299.87515,50.3279:5750 51.58427:7368 53.90731:6183 61.34919:7053 61.93173:6706 76.46703:7504 97.70358:8057 126.35505:7435 126.90411:102630 130.20837:7165 137.58174:6872 227.2164:13292,NA,483
HILICNeg_282,-1,Particulate,OBi1_set2,nontargeted,8.309,300.00879,NA,NA,484
HILICNeg_283,-1,Particulate,OBi1_set2,nontargeted,11.842,300.04883,NA,NA,485
HILICNeg_284,-1,Particulate,OBi1_set2,nontargeted,11.662,301.06558,NA,NA,486
HILICNeg_285,-1,Particulate,OBi1_set2,nontargeted,4.725,302.06638,NA,NA,487
HILICNeg_290,-1,Particulate,OBi1_set2,nontargeted,10.697,305.02814,NA,NA,488
HILICNeg_291,-1,Particulate,OBi1_set2,nontargeted,11.669,305.99588,NA,NA,489
HILICNeg_293,-1,Particulate,OBi1_set2,nontargeted,11.231,306.07666,NA,NA,490
HILICNeg_294,-1,Particulate,OBi1_set2,nontargeted,4.163,306.96878,NA,NA,491
HILICNeg_296,-1,Particulate,OBi1_set2,nontargeted,4.321,312.87039,NA,NA,492
HILICNeg_297,-1,Particulate,OBi1_set2,nontargeted,12.06,313.04431,NA,NA,493
HILICNeg_298,-1,Particulate,OBi1_set2,nontargeted,10.849,313.11386,NA,NA,494
HILICNeg_301,-1,Particulate,OBi1_set2,nontargeted,4.316,316.73898,62.93098:7298 64.97737:9158 65.81864:6960 67.22753:6656 76.33903:6684 90.42822:7137 102.05642:6845 123.95325:8305 144.84041:6802 162.28973:6805 164.00603:8185 191.55229:7112 216.39873:27645 216.41397:72321 216.42561:10186 287.78705:7771 293.05716:6892,NA,495
HILICNeg_305,-1,Particulate,OBi1_set2,nontargeted,4.343,318.7373,NA,NA,496
HILICNeg_306,-1,Particulate,OBi1_set2,nontargeted,10.886,319.02765,NA,NA,497
HILICNeg_308,-1,Particulate,OBi1_set2,nontargeted,11.341,320.0112,NA,NA,498
HILICNeg_310,-1,Particulate,OBi1_set2,nontargeted,9.089,320.05786,NA,NA,499
HILICNeg_311,-1,Particulate,OBi1_set2,nontargeted,10.424,321.04984,NA,NA,500
HILICNeg_312,-1,Particulate,OBi1_set2,nontargeted,9.714,321.13022,NA,NA,501
HILICNeg_315,-1,Particulate,OBi1_set2,nontargeted,5.648,322.15616,NA,NA,502
HILICNeg_318,-1,Particulate,OBi1_set2,nontargeted,8.23,324.00241,NA,NA,503
HILICNeg_319,-1,Particulate,OBi1_set2,nontargeted,9.153,325.043,NA,NA,504
HILICNeg_320,-1,Particulate,OBi1_set2,nontargeted,10.811,325.12546,NA,NA,505
HILICNeg_321,-1,Particulate,OBi1_set2,nontargeted,11.302,326.10983,NA,NA,506
HILICNeg_322,-1,Particulate,OBi1_set2,nontargeted,4.277,327.90649,60.01038:6747 65.38969:7014 67.99055:7169 78.35836:6815 88.17626:6063 99.56041:7742 126.90417:86394 127.93592:6596 137.72385:7220 143.47171:6313 155.05804:6543 216.67882:91625 222.40335:8032 251.1566:8116 274.18466:8481,NA,507
HILICNeg_323,-1,Particulate,OBi1_set2,nontargeted,4.705,329.0853,NA,NA,508
HILICNeg_324,-1,Particulate,OBi1_set2,nontargeted,10.728,330.06815,NA,NA,509
HILICNeg_325,-1,Particulate,OBi1_set2,nontargeted,11.071,331.02728,NA,NA,510
HILICNeg_327,-1,Particulate,OBi1_set2,nontargeted,10.02,334.02692,NA,NA,511
HILICNeg_328,-1,Particulate,OBi1_set2,nontargeted,4.691,334.07059,NA,NA,512
HILICNeg_330,-1,Particulate,OBi1_set2,nontargeted,11.03,337.12582,NA,NA,513
HILICNeg_331,-1,Particulate,OBi1_set2,nontargeted,2.261,339.07864,NA,NA,514
HILICNeg_332,-1,Particulate,OBi1_set2,nontargeted,9.806,340.12573,NA,NA,515
HILICNeg_334,-1,Particulate,OBi1_set2,nontargeted,14.239,344.02982,NA,NA,516
HILICNeg_337,-1,Particulate,OBi1_set2,nontargeted,10.739,345.04962,NA,NA,517
HILICNeg_339,-1,Particulate,OBi1_set2,nontargeted,4.654,350.07138,NA,NA,518
HILICNeg_340,-1,Particulate,OBi1_set2,nontargeted,11.05,353.00934,NA,NA,519
HILICNeg_343,-1,Particulate,OBi1_set2,nontargeted,10.96,361.00757,NA,NA,520
HILICNeg_344,-1,Particulate,OBi1_set2,nontargeted,11.339,361.10187,NA,[M-H]-,521
HILICNeg_346,-1,Particulate,OBi1_set2,nontargeted,4.277,364.90298,NA,NA,522
HILICNeg_348,-1,Particulate,OBi1_set2,nontargeted,10.701,366.99722,NA,NA,523
HILICNeg_349,-1,Particulate,OBi1_set2,nontargeted,12.503,368.05185,NA,NA,524
HILICNeg_350,-1,Particulate,OBi1_set2,nontargeted,4.341,368.93387,NA,NA,525
HILICNeg_351,-1,Particulate,OBi1_set2,nontargeted,10.52,369.01663,NA,NA,526
HILICNeg_352,-1,Particulate,OBi1_set2,nontargeted,9.75,371.15002,NA,NA,527
HILICNeg_353,-1,Particulate,OBi1_set2,nontargeted,14.176,371.53891,NA,NA,528
HILICNeg_354,-1,Particulate,OBi1_set2,nontargeted,14.302,372.97131,NA,NA,529
HILICNeg_355,-1,Particulate,OBi1_set2,nontargeted,10.525,377.00305,NA,NA,530
HILICNeg_356,-1,Particulate,OBi1_set2,nontargeted,4.245,378.84778,NA,NA,531
HILICNeg_357,-1,Particulate,OBi1_set2,nontargeted,4.388,380.71396,NA,NA,532
HILICNeg_358,-1,Particulate,OBi1_set2,nontargeted,6.107,381.00671,NA,NA,533
HILICNeg_360,-1,Particulate,OBi1_set2,nontargeted,10.622,383.10001,NA,NA,534
HILICNeg_361,-1,Particulate,OBi1_set2,nontargeted,11.717,383.9733,NA,NA,535
HILICNeg_362,-1,Particulate,OBi1_set2,nontargeted,11.281,388.01367,NA,NA,536
HILICNeg_365,-1,Particulate,OBi1_set2,nontargeted,4.486,394.00165,NA,NA,537
HILICNeg_366,-1,Particulate,OBi1_set2,nontargeted,11.43,397.98929,NA,NA,538
HILICNeg_367,-1,Particulate,OBi1_set2,nontargeted,10.627,398.09885,NA,NA,539
HILICNeg_368,-1,Particulate,OBi1_set2,nontargeted,4.483,398.98691,NA,NA,540
HILICNeg_369,-1,Particulate,OBi1_set2,nontargeted,10.641,399.09509,NA,NA,541
HILICNeg_370,-1,Particulate,OBi1_set2,nontargeted,13.633,402.99536,NA,NA,542
HILICNeg_371,-1,Particulate,OBi1_set2,nontargeted,4.731,404.03397,NA,NA,543
HILICNeg_372,-1,Particulate,OBi1_set2,nontargeted,11.042,409.0043,NA,NA,544
HILICNeg_373,-1,Particulate,OBi1_set2,nontargeted,9.806,412.00433,NA,NA,545
HILICNeg_374,-1,Particulate,OBi1_set2,nontargeted,9.157,412.09085,NA,NA,546
HILICNeg_375,-1,Particulate,OBi1_set2,nontargeted,9.143,414.08777,NA,NA,547
HILICNeg_376,-1,Particulate,OBi1_set2,nontargeted,9.834,416.43884,NA,NA,548
HILICNeg_377,-1,Particulate,OBi1_set2,nontargeted,9.154,417.07666,NA,NA,549
HILICNeg_378,-1,Particulate,OBi1_set2,nontargeted,9.866,419.00909,NA,NA,550
HILICNeg_382,-1,Particulate,OBi1_set2,nontargeted,12.008,429.12439,NA,NA,551
HILICNeg_384,-1,Particulate,OBi1_set2,nontargeted,10.801,433.09946,NA,NA,552
HILICNeg_385,-1,Particulate,OBi1_set2,nontargeted,4.361,433.91968,NA,NA,553
HILICNeg_387,-1,Particulate,OBi1_set2,nontargeted,4.353,438.80707,NA,[M-H]-,554
HILICNeg_388,-1,Particulate,OBi1_set2,nontargeted,10.847,441.03702,NA,NA,555
HILICNeg_389,-1,Particulate,OBi1_set2,nontargeted,10.581,441.03802,NA,NA,556
HILICNeg_390,-1,Particulate,OBi1_set2,nontargeted,4.41,443.64377,NA,NA,557
HILICNeg_392,-1,Particulate,OBi1_set2,nontargeted,10.79,447.13629,NA,NA,558
HILICNeg_393,-1,Particulate,OBi1_set2,nontargeted,10.799,454.12033,NA,NA,559
HILICNeg_394,-1,Particulate,OBi1_set2,nontargeted,10.695,463.13104,57.19331:6424 59.55214:6629 88.414:6554 92.15784:6985 95.06512:6535 107.7326:6577 118.68797:6963 160.73744:6875 167.66228:6637 184.99451:7205 195.0506:75723 207.41388:8178 227.24274:8978 244.63208:7215 267.07272:8804 280.8797:6787,NA,560
HILICNeg_395,-1,Particulate,OBi1_set2,nontargeted,11.576,465.14188,NA,NA,561
HILICNeg_396,-1,Particulate,OBi1_set2,nontargeted,10.673,470.12061,NA,NA,562
HILICNeg_397,-1,Particulate,OBi1_set2,nontargeted,10.682,471.1167,NA,NA,563
HILICNeg_398,-1,Particulate,OBi1_set2,nontargeted,8.964,474.17352,NA,NA,564
HILICNeg_400,-1,Particulate,OBi1_set2,nontargeted,10.557,485.11252,NA,NA,565
HILICNeg_401,-1,Particulate,OBi1_set2,nontargeted,4.278,485.84021,NA,NA,566
HILICNeg_403,-1,Particulate,OBi1_set2,nontargeted,11.407,487.36627,NA,NA,567
HILICNeg_408,-1,Particulate,OBi1_set2,nontargeted,10.712,509.09085,NA,NA,568
HILICNeg_409,-1,Particulate,OBi1_set2,nontargeted,10.889,519.01392,NA,NA,569
HILICNeg_410,-1,Particulate,OBi1_set2,nontargeted,10.548,519.01489,NA,NA,570
HILICNeg_411,-1,Particulate,OBi1_set2,nontargeted,9.503,520.07574,NA,NA,571
HILICNeg_412,-1,Particulate,OBi1_set2,nontargeted,11.533,522.1842,NA,NA,572
HILICNeg_415,-1,Particulate,OBi1_set2,nontargeted,4.674,538.17145,NA,NA,573
HILICNeg_416,-1,Particulate,OBi1_set2,nontargeted,11.14,540.0542,NA,NA,574
HILICNeg_417,-1,Particulate,OBi1_set2,nontargeted,10.736,543.13696,NA,NA,575
HILICNeg_419,-1,Particulate,OBi1_set2,nontargeted,10.719,558.1358,NA,NA,576
HILICNeg_421,-1,Particulate,OBi1_set2,nontargeted,11.482,568.20459,NA,NA,577
HILICNeg_422,-1,Particulate,OBi1_set2,nontargeted,15.438,579.02698,NA,NA,578
HILICNeg_424,-1,Particulate,OBi1_set2,nontargeted,10.708,613.12891,NA,NA,579
HILICNeg_425,-1,Particulate,OBi1_set2,nontargeted,4.331,648.25659,NA,NA,580
HILICPos_0,1,Dissolved,OBi1_set2,nontargeted,7.92,81.04549,NA,NA,581
HILICPos_2,1,Dissolved,OBi1_set2,nontargeted,5.525,93.05794,55.4591:7690 58.87902:7666 65.03931:9776 66.04719:55798 66.39327:6257 66.80581:7393 67.04243:27479 75.99561:20106 80.24786:6914 84.02685:8108 92.0501:32714 93.02194:29551 93.05792:918400,NA,582
HILICPos_4,1,Dissolved,OBi1_set2,nontargeted,4.791,96.04504,NA,NA,583
HILICPos_6,1,Dissolved,OBi1_set2,nontargeted,9.473,98.06068,52.74517:6955 55.05495:7699 56.96571:37980 68.05029:17950 68.39014:7006 70.06593:194380 70.29419:7467 72.6542:6865 77.5303:6968 87.74315:6951 94.68327:6747 98.06065:468006 98.07189:92090 98.09718:42795,NA,584
HILICPos_7,1,Dissolved,OBi1_set2,nontargeted,4.579,106.02929,NA,NA,585
HILICPos_8,1,Dissolved,OBi1_set2,nontargeted,4.421,112.05099,NA,NA,586
HILICPos_9,1,Dissolved,OBi1_set2,nontargeted,9.051,116.07109,NA,NA,587
HILICPos_12,1,Dissolved,OBi1_set2,nontargeted,4.659,120.10228,NA,NA,588
HILICPos_14,1,Dissolved,OBi1_set2,nontargeted,4.003,124.03967,65.2932:7721 78.03452:107796 80.05013:11242 83.06109:29824 96.04497:3089588 96.1151:9367 98.19997:7172 99.46644:8531 106.02922:178799 107.06089:31633 110.0603:8915 119.06058:12286 124.0396:5101514 124.08723:590997 124.11235:9160 124.40012:7747,NA,589
HILICPos_15,1,Dissolved,OBi1_set2,nontargeted,7.965,127.05059,53.12621:6391 60.90122:6366 62.00115:6613 79.91062:6680 81.04546:694611 81.89709:6312 85.05167:7902 85.21592:6753 86.80621:7145 98.18603:7080 99.05596:8809 124.06316:8268 127.05055:310481 127.06175:20186 127.07303:112695,NA,590
HILICPos_17,1,Dissolved,OBi1_set2,nontargeted,11.073,129.06616,NA,NA,592
HILICPos_19,1,Dissolved,OBi1_set2,nontargeted,10.59,130.05023,NA,NA,593
HILICPos_20,1,Dissolved,OBi1_set2,nontargeted,8.689,130.08656,NA,NA,594
HILICPos_21,1,Dissolved,OBi1_set2,nontargeted,2.193,134.06039,NA,NA,595
HILICPos_35,1,Dissolved,OBi1_set2,nontargeted,9.222,144.06583,52.60687:8024 57.54947:7957 61.03299:8268 64.21754:7919 70.06582:21259 77.72617:7854 77.72945:7071 84.0448:8255 88.07629:16486 89.71011:7157 91.25063:8422 98.06063:761008 98.09698:8306 99.01942:9723 99.05583:22335 99.8882:6737 116.07091:19080 120.81936:7288 123.99976:9187 124.02328:6774 127.05048:29921 132.26212:7433 140.7506:7629 144.06577:239716 144.08041:10183 144.13852:11611,NA,598
HILICPos_36,1,Dissolved,OBi1_set2,nontargeted,2.442,144.98242,NA,[M+H],599
HILICPos_39,1,Dissolved,OBi1_set2,nontargeted,4.087,146.08138,NA,NA,600
HILICPos_41,1,Dissolved,OBi1_set2,nontargeted,3.346,147.05563,NA,NA,601
HILICPos_45,1,Dissolved,OBi1_set2,nontargeted,7.778,153.06613,NA,NA,604
HILICPos_50,1,Dissolved,OBi1_set2,nontargeted,7.623,157.0611,NA,NA,605
HILICPos_52,1,Dissolved,OBi1_set2,nontargeted,8.019,159.07684,NA,NA,607
HILICPos_54,1,Dissolved,OBi1_set2,nontargeted,9.023,161.09235,51.43867:9472 53.55862:7397 55.64712:7316 56.05023:7505 57.83257:6681 79.23779:6709 80.70049:6982 84.04513:167698 98.06055:10327 99.78181:6901 115.08708:233608 116.07099:19959 123.96461:7742 126.59928:8533 130.05019:145984 143.25133:7034 144.06581:502757 161.09137:123998,[M+H],608
HILICPos_55,1,Dissolved,OBi1_set2,nontargeted,10.738,161.09242,NA,NA,609
HILICPos_57,1,Dissolved,OBi1_set2,nontargeted,9.625,162.07634,50.87603:6919 56.23383:6661 64.62101:6831 70.0658:9967 85.02905:24446 98.06065:830529 111.04248:7651 113.27261:8260 115.21786:7880 116.07106:670517 123.94756:8471 131.03412:14325 138.99298:9411 144.0658:411341 162.07637:372415 162.08427:11388,[M+H],610
HILICPos_59,1,Dissolved,OBi1_set2,nontargeted,2.923,167.09302,NA,NA,611
HILICPos_60,1,Dissolved,OBi1_set2,nontargeted,7.182,168.0658,NA,NA,612
HILICPos_61,1,Dissolved,OBi1_set2,nontargeted,3.47,170.08145,52.503:6607 56.10545:6741 66.09245:7572 74.3336:7446 88.83388:7533 92.50839:7529 95.0496:21771 96.08139:8548 105.04512:16247 115.9645:7730 119.95764:16039 120.96543:12720 124.07611:63455 125.10785:6988 134.0603:761215 141.00179:7416 145.21107:6979 152.0708:1056982 164.10143:7951 170.08182:44905 170.09644:9991 170.11778:9315,[M+H],613
HILICPos_63,1,Dissolved,OBi1_set2,nontargeted,7.037,175.10796,NA,NA,614
HILICPos_64,1,Dissolved,OBi1_set2,nontargeted,11.535,175.10806,NA,NA,615
HILICPos_65,1,Dissolved,OBi1_set2,nontargeted,3.707,180.06583,NA,NA,616
HILICPos_66,1,Dissolved,OBi1_set2,nontargeted,7.327,181.06097,NA,NA,617
HILICPos_67,1,Dissolved,OBi1_set2,nontargeted,9.015,183.07433,NA,NA,618
HILICPos_70,1,Dissolved,OBi1_set2,nontargeted,8.544,189.95007,NA,NA,619
HILICPos_71,1,Dissolved,OBi1_set2,nontargeted,8.547,191.94804,NA,NA,620
HILICPos_78,1,Dissolved,OBi1_set2,nontargeted,9.554,201.13489,NA,NA,621
HILICPos_79,1,Dissolved,OBi1_set2,nontargeted,14.062,202.99754,NA,NA,622
HILICPos_80,1,Dissolved,OBi1_set2,nontargeted,9.405,203.10303,NA,NA,623
HILICPos_81,1,Dissolved,OBi1_set2,nontargeted,10.529,203.13942,NA,NA,624
HILICPos_82,1,Dissolved,OBi1_set2,nontargeted,11.758,204.03287,NA,NA,625
HILICPos_84,1,Dissolved,OBi1_set2,nontargeted,11.037,217.08218,NA,NA,626
HILICPos_85,1,Dissolved,OBi1_set2,nontargeted,9.493,219.13428,NA,NA,627
HILICPos_86,1,Dissolved,OBi1_set2,nontargeted,9.639,223.03841,NA,NA,628
HILICPos_87,1,Dissolved,OBi1_set2,nontargeted,8.845,224.12846,NA,NA,629
HILICPos_88,1,Dissolved,OBi1_set2,nontargeted,5.553,227.39883,NA,NA,630
HILICPos_89,1,Dissolved,OBi1_set2,nontargeted,5.588,231.11316,55.92361:8351 57.67964:8137 60.38469:7324 62.34316:7235 65.37768:7494 66.92495:7160 70.06582:40819 76.48457:8207 77.82674:7734 80.05018:55733 93.058:28079 94.06573:4470551 95.0735:9259 96.04494:51681 105.20627:7065 106.06559:20388 107.07364:15652 108.08137:69526 109.62587:7901 117.84998:9076 119.52251:7029 120.08116:13326 123.31046:8567 124.0398:13301 130.06558:30778 131.07332:18171 132.08095:12650 138.05516:2022803 143.07271:11555 144.08116:45894 146.09665:34148 153.29921:7739 154.06541:22804 155.07312:13879 156.08102:99902 157.07642:31449 157.0891:16288 158.09674:23116 159.092:14440 171.09158:31114 172.09967:113888 183.2998:9235 185.10756:28140 186.11534:115749 187.12317:119416 207.88385:7767 213.10214:16378 214.78798:7228 218.15196:8381 218.17564:45743 218.19127:22209 218.33954:7916,NA,631
HILICPos_90,1,Dissolved,OBi1_set2,nontargeted,2.457,233.91524,NA,NA,632
HILICPos_91,1,Dissolved,OBi1_set2,nontargeted,8.775,235.12929,NA,NA,633
HILICPos_92,1,Dissolved,OBi1_set2,nontargeted,2.471,235.91342,NA,NA,634
HILICPos_93,1,Dissolved,OBi1_set2,nontargeted,2.506,237.91159,NA,NA,635
HILICPos_94,1,Dissolved,OBi1_set2,nontargeted,14.118,244.02417,NA,NA,636
HILICPos_95,1,Dissolved,OBi1_set2,nontargeted,14.06,246.02161,NA,NA,637
HILICPos_97,1,Dissolved,OBi1_set2,nontargeted,4.047,258.17047,NA,NA,638
HILICPos_98,1,Dissolved,OBi1_set2,nontargeted,2.232,267.14548,NA,NA,639
HILICPos_100,1,Dissolved,OBi1_set2,nontargeted,13.935,276.96509,NA,NA,640
HILICPos_106,1,Dissolved,OBi1_set2,nontargeted,14.056,317.9917,NA,NA,641
HILICPos_107,1,Dissolved,OBi1_set2,nontargeted,11.498,346.00983,NA,[M+H],642
HILICPos_108,1,Dissolved,OBi1_set2,nontargeted,2.213,349.12195,NA,NA,643
HILICPos_109,1,Dissolved,OBi1_set2,nontargeted,5.658,349.14316,NA,NA,644
HILICPos_111,1,Dissolved,OBi1_set2,nontargeted,4.606,365.98706,NA,NA,645
HILICPos_112,1,Dissolved,OBi1_set2,nontargeted,5.578,368.16104,NA,NA,646
HILICPos_113,1,Dissolved,OBi1_set2,nontargeted,5.578,376.15369,NA,NA,647
HILICPos_114,1,Dissolved,OBi1_set2,nontargeted,2.23,385.98434,NA,NA,648
HILICPos_118,1,Dissolved,OBi1_set2,nontargeted,4.196,425.1254,NA,NA,649
HILICPos_119,1,Dissolved,OBi1_set2,nontargeted,9.443,451.11536,NA,NA,650
HILICPos_120,1,Dissolved,OBi1_set2,nontargeted,7.304,499.18787,NA,NA,651
HILICPos_121,1,Dissolved,OBi1_set2,nontargeted,12.419,615.24542,NA,NA,652
HILICNeg_2,-1,Dissolved,OBi1_set2,nontargeted,8.186,94.92398,NA,NA,653
HILICNeg_6,-1,Dissolved,OBi1_set2,nontargeted,8.384,110.9748,60.07633:7409 77.27095:6844 78.93436:6914 80.96147:13513 80.96407:254274 85.7598:7058 89.57776:6566 91.27781:7571 107.22407:7024,NA,654
HILICNeg_9,-1,Dissolved,OBi1_set2,nontargeted,2.229,121.02851,NA,NA,655
HILICNeg_10,-1,Dissolved,OBi1_set2,nontargeted,2.198,121.07549,NA,[M-H]-,656
HILICNeg_20,-1,Dissolved,OBi1_set2,nontargeted,2.198,149.00011,NA,NA,657
HILICNeg_31,-1,Dissolved,OBi1_set2,nontargeted,12.766,170.00385,NA,NA,658
HILICNeg_32,-1,Dissolved,OBi1_set2,nontargeted,5.708,170.08443,54.15078:8572 56.99753:7500 57.41855:6337 64.80683:6848 65.99023:8068 68.74512:6540 70.56667:6366 70.58922:6872 74.96276:6594 79.3849:8474 91.21312:8146 92.04943:7456 104.05257:7599 118.22534:7349 124.03363:11628 133.46341:7401 169.07643:18928 170.0271:13287 170.08446:14827,NA,659
HILICNeg_33,-1,Dissolved,OBi1_set2,nontargeted,8.606,176.99347,50.30442:7496 53.44098:5828 57.38984:7017 63.96123:17009 79.0784:7059 79.95628:60948 88.46481:7991 95.01279:46324 96.05966:6434 98.54166:6410 109.24918:6885 109.36538:6943 113.48401:7872 138.26309:8404 145.01207:30109 153.57697:8096 155.98799:118854 158.97513:22647 170.00368:313199 171.00751:7297 171.98334:13269 176.89464:8487 176.99332:391108 177.09187:8101,[M-H]-,660
HILICNeg_34,-1,Dissolved,OBi1_set2,nontargeted,5.654,177.06651,53.10553:6294 58.75058:6638 62.04124:6959 64.61421:7277 72.72038:6720 73.02832:11140 74.63509:6484 75.37032:6150 92.04932:17355 157.32993:8312 177.09097:10292,NA,661
HILICNeg_39,-1,Dissolved,OBi1_set2,nontargeted,9.08,195.01572,NA,NA,662
HILICNeg_40,-1,Dissolved,OBi1_set2,nontargeted,5.602,198.04062,NA,NA,663
HILICNeg_44,-1,Dissolved,OBi1_set2,nontargeted,13.257,200.98618,NA,NA,664
HILICNeg_45,-1,Dissolved,OBi1_set2,nontargeted,9.404,202.99681,NA,NA,665
HILICNeg_53,-1,Dissolved,OBi1_set2,nontargeted,13.186,215.99741,NA,NA,666
HILICNeg_54,-1,Dissolved,OBi1_set2,nontargeted,13.684,216.98125,NA,NA,667
HILICNeg_55,-1,Dissolved,OBi1_set2,nontargeted,9.991,217.03542,NA,NA,668
HILICNeg_56,-1,Dissolved,OBi1_set2,nontargeted,14.038,218.90517,NA,NA,669
HILICNeg_57,-1,Dissolved,OBi1_set2,nontargeted,13.269,218.96048,NA,NA,670
HILICNeg_58,-1,Dissolved,OBi1_set2,nontargeted,13.405,222.00778,NA,NA,671
HILICNeg_59,-1,Dissolved,OBi1_set2,nontargeted,5.667,229.09834,52.01826:7470 63.15297:6693 63.37236:6166 64.7469:6795 65.03845:8794 66.03377:75937 80.0495:34684 84.11975:6927 89.36575:7506 91.02887:8024 91.0539:6858 92.04948:410272 96.12257:8092 103.71175:6784 106.06502:16226 114.11406:7642 116.04514:13581 116.04961:219467 125.35435:7818 129.05753:51514 130.06532:16310 136.0396:50715 142.06544:10432 143.06079:10283 144.08096:15652 153.04726:9238 154.03368:8064 154.06535:23477 155.06058:17411 156.07059:7019 156.08109:13849 159.09203:27696 167.06097:17617 169.07661:49940 170.08424:23645 171.05556:13236 182.6803:7348 183.0925:21058 185.10806:10039 189.16589:6595 195.93103:7475 199.05063:11064 223.32529:18837,[M-H]-,672
HILICNeg_60,-1,Dissolved,OBi1_set2,nontargeted,9.146,230.01282,NA,NA,673
HILICNeg_65,-1,Dissolved,OBi1_set2,nontargeted,7.39,244.0291,NA,NA,674
HILICNeg_67,-1,Dissolved,OBi1_set2,nontargeted,2.654,260.91565,NA,NA,675
HILICNeg_68,-1,Dissolved,OBi1_set2,nontargeted,2.653,262.91367,NA,NA,676
HILICNeg_69,-1,Dissolved,OBi1_set2,nontargeted,5.596,269.09128,NA,NA,677
HILICNeg_70,-1,Dissolved,OBi1_set2,nontargeted,5.55,270.12521,51.21294:7763 54.34129:6409 59.51392:6739 63.74585:6544 74.91064:7490 84.57617:6897 88.98148:5902 92.04951:19861 117.04487:8549 120.26501:8823 124.01918:8592 137.64725:7923 145.33228:7171 158.35719:6845 159.11963:8874 161.72986:7342 217.25481:9416 217.26669:61737,NA,678
HILICNeg_71,-1,Dissolved,OBi1_set2,nontargeted,8.361,284.94168,NA,NA,679
HILICNeg_72,-1,Dissolved,OBi1_set2,nontargeted,13.27,285.96432,NA,NA,680
HILICNeg_73,-1,Dissolved,OBi1_set2,nontargeted,6.19,293.06094,NA,NA,681
HILICNeg_74,-1,Dissolved,OBi1_set2,nontargeted,2.513,308.9021,NA,NA,682
HILICNeg_75,-1,Dissolved,OBi1_set2,nontargeted,5.56,322.15686,54.14461:6533 58.05043:5825 74.46156:6859 74.95033:7157 80.04958:9122 86.37458:6994 92.04955:65767 119.236:8252 122.02376:90357 154.36685:6636 167.06091:22288 169.07631:14842 185.4072:6651 216.39937:92627 216.41014:18002 241.95728:7451 283.99942:7424,[M-H]-,683
HILICNeg_76,-1,Dissolved,OBi1_set2,nontargeted,2.193,324.01917,NA,NA,684
HILICNeg_77,-1,Dissolved,OBi1_set2,nontargeted,5.604,335.08908,NA,NA,685
HILICNeg_83,-1,Dissolved,OBi1_set2,nontargeted,8.384,362.91946,NA,NA,686
HILICNeg_84,-1,Dissolved,OBi1_set2,nontargeted,5.573,366.14655,NA,NA,687
HILICNeg_89,-1,Dissolved,OBi1_set2,nontargeted,8.349,440.89606,NA,NA,688
HILICNeg_90,-1,Dissolved,OBi1_set2,nontargeted,14.072,684.97217,NA,NA,689
(3-Carboxypropyl)trimethylammonium,1,Particulate,OBi1_set2,targeted,9.829,146.11729,NA,[M+H],153
2-Ketoglutaric acid,-1,Particulate,OBi1_set2,targeted,12.243,145.01341,51.39236:7264 55.81876:6524 57.03335:10928 60.22976:7534 73.02835:7702 74.52777:7748 91.09241:7111 101.02342:45129 118.03992:12632 127.33211:6702,NA,390
3-Phosphoglycerate,-1,Particulate,OBi1_set2,targeted,13.75,184.98508,NA,NA,407
5-Oxoproline,-1,Particulate,OBi1_set2,targeted,6.695,128.03423,NA,[M-H]-,380
Adenosine,1,Particulate,OBi1_set2,targeted,4.621,268.10376,51.81222:8245 56.43267:10287 59.60114:9616 60.67353:9035 61.00478:8875 64.32533:8750 65.2409:8866 85.02905:17743 97.9492:8016 115.03948:30817 133.04958:58527 136.06194:11347904 157.30318:10439 166.08968:11402 174.23972:8274 177.41515:7959 217.24284:100563 254.19917:10763 262.58795:12713,[M+H],263
Citric acid,-1,Particulate,OBi1_set2,targeted,14.306,191.01903,57.03337:46398 65.12698:6885 66.37735:6442 67.01779:18541 74.54557:6246 81.32649:6452 85.02843:182865 87.00767:331105 111.00774:354475 123.96208:7386 129.01819:10509 149.80365:6710 166.71857:7062,NA,413
Citrulline,1,Particulate,OBi1_set2,targeted,11.743,176.10323,57.13033:6618 58.29836:6296 59.79189:6712 68.77006:7502 70.0659:119167 102.05065:7763 113.07135:186230 114.05534:34242 115.08701:99879 115.82136:6749 116.07107:36697 122.7114:6541 124.32609:7212 130.09801:7343 131.63469:8245 133.09744:14096 139.6339:6938 141.06602:9642 159.07663:909973 176.1032:78250,[M+H],198
"Cys-Gly, oxidized",1,Particulate,OBi1_set2,targeted,11.111,355.07431,NA,[M+H],307
Cytidine,1,Particulate,OBi1_set2,targeted,8.241,244.09279,50.41173:5766 50.62591:6655 51.72615:6394 52.70021:6265 63.75482:6909 82.98863:7466 88.26562:6929 91.76866:6777 93.55441:6577 97.35606:7298 112.05087:810783 119.90562:8826 122.48324:6472 142.90726:7205 198.11234:12944,[M+H],246
Cytosine,1,Particulate,OBi1_set2,targeted,6.985,112.05096,59.97786:6867 60.82067:6624 62.71338:7489 64.1662:7051 67.69991:6318 69.04357:7935 69.04539:39145 70.06585:17065 72.65062:6295 73.40738:6632 81.13174:7327 94.04038:12097 95.02447:135526 95.0608:20047 98.6118:6001 104.28425:6790 108.54111:7925 112.05088:1247958 112.06237:25338 112.07596:69405 112.09532:15547 112.22386:7831,NA,115
D-Fructose 6-phosphate,-1,Particulate,OBi1_set2,targeted,12.743,259.02228,NA,NA,457
D-Gluconic acid,-1,Particulate,OBi1_set2,targeted,10.577,195.05051,56.39953:7018 57.03347:12887 59.01268:36651 59.08528:6461 71.0127:32219 74.72832:7125 75.00765:457783 75.40747:6393 78.98044:7247 79.8719:6670 79.87492:6720 84.22321:6972 85.02858:39089 87.00766:104356 89.02333:42045 99.00768:175416 100.63615:6934 108.55801:8587 126.1656:7053 129.01843:343946 140.89452:7436 150.81255:7256 153.55524:7376 159.02925:20152 177.03995:21046 194.90529:11180 195.05066:281050,[M-H]-,415
D-Ribose 5-phosphate,-1,Particulate,OBi1_set2,targeted,12.575,229.01167,NA,NA,439
Deoxyadenosine,1,Particulate,OBi1_set2,targeted,3.654,252.10919,NA,NA,253
Dihydroxyacetone phosphate,-1,Particulate,OBi1_set2,targeted,12.261,168.99022,NA,NA,401
Fumaric acid,-1,Particulate,OBi1_set2,targeted,12.688,115.00262,NA,[M-H]-,370
Glutathione disulfide,1,Particulate,OBi1_set2,targeted,14.114,613.16034,NA,NA,351
Guanine,1,Particulate,OBi1_set2,targeted,8.437,152.05685,50.33822:5836 50.3927:6928 50.80593:7000 51.18322:6336 52.7933:6311 56.84669:7307 61.6211:6772 65.94895:6372 67.10377:6666 88.67827:7343 92.15593:6974 109.05116:22894 110.03532:105221 112.20486:7642 116.13816:7959 120.37099:7002 123.26909:7287 123.30002:6988 128.04572:75724 134.04594:13951 135.03026:78680 145.38148:7220 152.05673:1135290,[M+H],162
Guanosine,1,Particulate,OBi1_set2,targeted,9.191,284.09869,50.37682:6460 59.04293:8232 69.97108:7160 72.63605:6482 73.17964:7433 92.14252:7325 93.41595:7435 100.51979:7383 110.0351:7928 114.33366:7082 131.31171:7262 135.0304:17377 137.37094:7966 143.50398:6908 152.05673:958870 153.04065:64773 213.39429:7570 216.93044:48665 216.94403:50685 251.28726:8188 277.19287:8701,[M+H],279
Homarine,1,Particulate,OBi1_set2,targeted,5.474,138.05492,58.51296:7626 59.28382:8368 60.35322:8589 64.58856:9820 67.05493:36585 68.64355:9701 78.03449:84849 82.68173:9827 85.01418:8704 92.04998:22559 93.05785:38234 94.06568:1676143 96.04493:2466386 106.02911:21543 110.06056:43380 114.75317:9923 119.06052:15070 124.03958:800661 124.70473:8769 125.08816:9725 129.09007:8500 135.14133:10284 136.17903:9246 138.05504:12725008,[M+H],137
Hypoxanthine,1,Particulate,OBi1_set2,targeted,6.5,137.04578,54.02885:6558 64.66826:7173 66.43812:6702 66.65882:8369 68.56494:9059 68.66737:7976 82.74854:9186 94.04059:36141 100.44202:6770 100.46313:7300 105.00483:7799 110.03547:50413 119.03539:36571 137.04591:5445454,[M+H],135
L-Arginine,1,Particulate,OBi1_set2,targeted,18.943,175.11891,NA,[M+H],197
L-Cystine,1,Particulate,OBi1_set2,targeted,11.824,241.03157,NA,NA,244
L-Glutamic acid,1,Particulate,OBi1_set2,targeted,11.406,148.06021,50.46403:6206 56.05021:6984 68.34272:8490 71.61841:6553 83.66648:6774 84.04497:687480 85.02908:11960 87.74522:7243 88.05194:8050 95.3434:7688 102.05537:270969 112.01446:7803 119.00541:6493 130.04999:278650 148.06039:90720,[M+H],157
L-Histidine,1,Particulate,OBi1_set2,targeted,10.529,156.07709,NA,NA,164
L-Homoserine,1,Particulate,OBi1_set2,targeted,10.798,120.0659,NA,NA,121
L-Isoleucine,1,Particulate,OBi1_set2,targeted,6.646,132.1019,NA,[M+H],130
L-Lysine,1,Particulate,OBi1_set2,targeted,18.146,147.1127,NA,[M+H],154
L-Ornithine,1,Particulate,OBi1_set2,targeted,16.058,133.09723,NA,NA,132
L-Proline,1,Particulate,OBi1_set2,targeted,9.046,116.07073,58.96291:6606 63.37515:7710 70.06582:957041 76.86774:7114 83.69028:6332 93.15038:7850 98.09678:11419 107.40535:7137 116.07088:417364 116.10722:19239 116.1436:9630,[M+H],116
L-Threonine,1,Particulate,OBi1_set2,targeted,10.007,120.06568,NA,[M+H],120
L-Tyrosine,1,Particulate,OBi1_set2,targeted,9.097,182.0815,NA,[M+H],201
Ophthalmic acid,1,Particulate,OBi1_set2,targeted,10.672,290.13483,NA,[M+H],284
Orotic acid,-1,Particulate,OBi1_set2,targeted,6.555,155.00897,NA,NA,398
Succinic acid,-1,Particulate,OBi1_set2,targeted,12.111,117.01829,52.7692:7974 55.01768:8044 64.49689:6255 67.72324:7118 68.26531:7355 69.11419:7175 71.33129:6685 73.02837:645871 73.06421:6824 82.13746:7437 90.59139:7983 99.00766:44135 99.92476:72225 109.0501:7265 116.92744:298459 116.93332:82375 117.01833:105769,NA,372
Thymidine,-1,Particulate,OBi1_set2,targeted,2.86,241.08298,NA,[M-H]-,445
Thymine,-1,Particulate,OBi1_set2,targeted,2.855,125.03464,62.53186:7966 65.50072:6264 67.8708:7794 71.44009:7160 84.67958:6943 96.95904:51890 107.39845:6621 125.03465:40597,NA,374
Uracil,-1,Particulate,OBi1_set2,targeted,3.847,111.0189,51.02866:6327 51.27475:6419 65.68471:6201 65.70245:8088 72.22041:7082 77.01003:7452 83.72373:7088 111.01899:137502 111.05524:12877,NA,365
Uridine,-1,Particulate,OBi1_set2,targeted,5.944,243.06201,56.14906:7439 66.03379:52195 82.0287:91417 83.0126:8883 94.0288:7616 108.0445:11542 110.0237:526079 111.01892:25443 119.33343:7719 120.04469:8803 122.02376:31951 122.91525:7284 124.03954:14322 135.48599:6405 140.03453:31736 152.03458:43625 153.55736:7518 199.31995:7094 200.05621:16913 216.9599:16393,[M-H]-,449
5-Hydroxyectoine,1,Dissolved,OBi1_set2,targeted,11.109,159.07674,53.03933:9272 56.05029:13564 56.68759:7682 57.24014:8356 60.04524:39086 65.98367:6957 67.34306:6825 69.9676:7487 70.0659:11546 72.04518:134742 72.08152:14399 72.21965:6570 72.67627:6906 75.84938:9475 78.04269:10102 79.01734:6416 79.10047:6632 81.10565:7042 82.02978:7129 83.06112:227429 84.0451:136226 89.07163:10474 89.14362:7890 95.061:27206 96.04513:38366 96.05317:38431 96.05594:7347 96.08118:8786 99.05587:17239 100.03983:20345 105.49686:6835 106.04847:16972 108.18807:7503 113.07142:881596 117.0663:46862 117.96007:8895 123.92254:7508 124.00934:7300 130.6956:6880 141.06587:11778 152.55998:7811 159.07671:614263,NA,606
Ectoine,1,Dissolved,OBi1_set2,targeted,9.469,143.08163,52.28625:10499 52.85187:8474 56.05033:106730 57.27992:8508 61.80504:8563 62.52309:8699 65.6118:10495 68.04813:15577 68.05023:284233 70.1653:8709 73.07677:149115 73.21148:8537 80.6215:10052 84.04505:30951 87.5862:9726 93.63763:9279 96.82823:11349 97.07658:6955230 100.11255:12904 101.07147:944755 102.0554:36060 125.0711:51675 142.63762:25664 142.95662:13067 143.08163:14967626 143.15442:19496,[M+H],597
Homarine,1,Dissolved,OBi1_set2,targeted,5.615,138.0551,52.18523:493177 58.03613:412604 59.35472:461832 66.13228:486149 67.0551:843656 77.20556:402922 78.03458:17704082 79.04261:767062 79.5208:426511 83.127:520786 92.05012:1126080 93.05815:1495226 94.06578:60488940 96.04503:65844392 98.43803:479213 106.02928:11072619 110.06049:1851669 124.03972:32011442 137.63354:2007063 137.93677:616893 138.05513:1309693568 138.17639:723703 138.47224:1031426,[M+H],596
L-Glutamic acid,1,Dissolved,OBi1_set2,targeted,11.3,148.06058,53.68045:6913 56.98752:7254 57.50726:6741 61.83737:7145 64.28072:6465 65.84127:7899 82.09207:7877 84.0451:255754 89.47714:6492 102.05559:44513 106.8399:6871 130.05011:18767 144.55798:7392 148.08713:11118 148.11258:12045,[M+H],603
L-Glutamine,1,Dissolved,OBi1_set2,targeted,10.793,147.07669,NA,NA,602
Melamine,1,Dissolved,OBi1_set2,targeted,6.931,127.0731,51.03814:7170 51.07751:7083 54.06812:6692 55.64022:7647 60.05643:8081 61.09892:6749 64.90207:6893 66.17437:7833 68.02525:8775 74.92873:6476 77.597:7043 77.79092:7685 80.40842:8552 85.04866:11996 85.05158:230035 85.05439:15442 88.62476:8248 90.81483:7546 96.67609:6966 98.1278:7535 98.91754:7656 99.0196:8133 106.27604:8279 123.96918:7084 127.05055:35942 127.07301:1628707,NA,591
