sample_id,sample_fraction,analytical_batch_id,metabolomics_workbench_id,isolate_id,cruise,experiment_id,treatment,timepoint,station,lat,lon,date
211202_Smp_OBi1_1,Particulate,OBi1,ST004324,OBi1,NA,NA,Glucose,NA,NA,NA,NA,NA
211202_Smp_OBi1_2,Particulate,OBi1,ST004324,OBi1,NA,NA,Glucose,NA,NA,NA,NA,NA
211202_Smp_OBi1_3,Particulate,OBi1,ST004324,OBi1,NA,NA,Glucose,NA,NA,NA,NA,NA
211202_Smp_OBi1_4,Particulate,OBi1,ST004324,OBi1,NA,NA,Homarine,NA,NA,NA,NA,NA
211202_Smp_OBi1_5,Particulate,OBi1,ST004324,OBi1,NA,NA,Homarine,NA,NA,NA,NA,NA
211202_Smp_OBi1_6,Particulate,OBi1,ST004324,OBi1,NA,NA,Homarine,NA,NA,NA,NA,NA
211202_Smp_OBi1_7,Particulate,OBi1,ST004324,OBi1,NA,NA,Glucose + homarine,NA,NA,NA,NA,NA
211202_Smp_OBi1_8,Particulate,OBi1,ST004324,OBi1,NA,NA,Glucose + homarine,NA,NA,NA,NA,NA
211202_Smp_OBi1_9,Particulate,OBi1,ST004324,OBi1,NA,NA,Glucose + homarine,NA,NA,NA,NA,NA
220302_Smp_OBi1_1,Dissolved,OBi1,ST004324,OBi1,NA,NA,Glucose,NA,NA,NA,NA,NA
220302_Smp_OBi1_2,Dissolved,OBi1,ST004324,OBi1,NA,NA,Glucose,NA,NA,NA,NA,NA
220302_Smp_OBi1_3,Dissolved,OBi1,ST004324,OBi1,NA,NA,Glucose,NA,NA,NA,NA,NA
220302_Smp_OBi1_4,Dissolved,OBi1,ST004324,OBi1,NA,NA,Homarine,NA,NA,NA,NA,NA
220302_Smp_OBi1_5,Dissolved,OBi1,ST004324,OBi1,NA,NA,Homarine,NA,NA,NA,NA,NA
220302_Smp_OBi1_6,Dissolved,OBi1,ST004324,OBi1,NA,NA,Homarine,NA,NA,NA,NA,NA
220302_Smp_OBi1_7,Dissolved,OBi1,ST004324,OBi1,NA,NA,Glucose + homarine,NA,NA,NA,NA,NA
220302_Smp_OBi1_8,Dissolved,OBi1,ST004324,OBi1,NA,NA,Glucose + homarine,NA,NA,NA,NA,NA
220302_Smp_OBi1_9,Dissolved,OBi1,ST004324,OBi1,NA,NA,Glucose + homarine,NA,NA,NA,NA,NA
240304_Smp_WT_Gluc_A,Particulate,DSS3,ST004337,Rpom DSS3,NA,NA,Glucose,NA,NA,NA,NA,NA
240304_Smp_WT_Gluc_B,Particulate,DSS3,ST004337,Rpom DSS3,NA,NA,Glucose,NA,NA,NA,NA,NA
240304_Smp_WT_Gluc_C,Particulate,DSS3,ST004337,Rpom DSS3,NA,NA,Glucose,NA,NA,NA,NA,NA
240304_Smp_WT_Hom_A,Particulate,DSS3,ST004337,Rpom DSS3,NA,NA,Homarine,NA,NA,NA,NA,NA
240304_Smp_WT_Hom_B,Particulate,DSS3,ST004337,Rpom DSS3,NA,NA,Homarine,NA,NA,NA,NA,NA
240304_Smp_WT_Hom_C,Particulate,DSS3,ST004337,Rpom DSS3,NA,NA,Homarine,NA,NA,NA,NA,NA
240304_Smp_WT_Mix_A,Particulate,DSS3,ST004337,Rpom DSS3,NA,NA,Glucose + homarine,NA,NA,NA,NA,NA
240304_Smp_WT_Mix_B,Particulate,DSS3,ST004337,Rpom DSS3,NA,NA,Glucose + homarine,NA,NA,NA,NA,NA
240304_Smp_WT_Mix_C,Particulate,DSS3,ST004337,Rpom DSS3,NA,NA,Glucose + homarine,NA,NA,NA,NA,NA
230724_Smp_G4_1_C-H_t0_A,Particulate,TN397,ST004352,NA,TN397,G4_1,Control,0,2,27.0673,-126.6739,20211123
230724_Smp_G4_1_C-H_t0_B,Particulate,TN397,ST004352,NA,TN397,G4_1,Control,0,2,27.0673,-126.6739,20211123
230724_Smp_G4_1_C-H_t0_C,Particulate,TN397,ST004352,NA,TN397,G4_1,Control,0,2,27.0673,-126.6739,20211123
230724_Smp_G4_1_C-H_t2_A,Particulate,TN397,ST004352,NA,TN397,G4_1,Control,2,2,27.0673,-126.6739,20211123
230724_Smp_G4_1_C-H_t2_B,Particulate,TN397,ST004352,NA,TN397,G4_1,Control,2,2,27.0673,-126.6739,20211123
230724_Smp_G4_1_C-H_t2_C,Particulate,TN397,ST004352,NA,TN397,G4_1,Control,2,2,27.0673,-126.6739,20211123
230724_Smp_G4_1_C-H_t24_A,Particulate,TN397,ST004352,NA,TN397,G4_1,Control,24,2,27.0673,-126.6739,20211123
230724_Smp_G4_1_C-H_t24_B,Particulate,TN397,ST004352,NA,TN397,G4_1,Control,24,2,27.0673,-126.6739,20211123
230724_Smp_G4_1_C-H_t24_C,Particulate,TN397,ST004352,NA,TN397,G4_1,Control,24,2,27.0673,-126.6739,20211123
230724_Smp_G4_1_C-H_t48_A,Particulate,TN397,ST004352,NA,TN397,G4_1,Control,48,2,27.0673,-126.6739,20211123
230724_Smp_G4_1_C-H_t48_B,Particulate,TN397,ST004352,NA,TN397,G4_1,Control,48,2,27.0673,-126.6739,20211123
230724_Smp_G4_1_C-H_t48_C,Particulate,TN397,ST004352,NA,TN397,G4_1,Control,48,2,27.0673,-126.6739,20211123
230724_Smp_G4_1_H_t2_A,Particulate,TN397,ST004352,NA,TN397,G4_1,Homarine (2H3-labelled),2,2,27.0673,-126.6739,20211123
230724_Smp_G4_1_H_t2_B,Particulate,TN397,ST004352,NA,TN397,G4_1,Homarine (2H3-labelled),2,2,27.0673,-126.6739,20211123
230724_Smp_G4_1_H_t2_C,Particulate,TN397,ST004352,NA,TN397,G4_1,Homarine (2H3-labelled),2,2,27.0673,-126.6739,20211123
230724_Smp_G4_1_H_t24_A,Particulate,TN397,ST004352,NA,TN397,G4_1,Homarine (2H3-labelled),24,2,27.0673,-126.6739,20211123
230724_Smp_G4_1_H_t24_B,Particulate,TN397,ST004352,NA,TN397,G4_1,Homarine (2H3-labelled),24,2,27.0673,-126.6739,20211123
230724_Smp_G4_1_H_t24_C,Particulate,TN397,ST004352,NA,TN397,G4_1,Homarine (2H3-labelled),24,2,27.0673,-126.6739,20211123
230724_Smp_G4_1_H_t48_A,Particulate,TN397,ST004352,NA,TN397,G4_1,Homarine (2H3-labelled),48,2,27.0673,-126.6739,20211123
230724_Smp_G4_1_H_t48_B,Particulate,TN397,ST004352,NA,TN397,G4_1,Homarine (2H3-labelled),48,2,27.0673,-126.6739,20211123
230724_Smp_G4_1_H_t48_C,Particulate,TN397,ST004352,NA,TN397,G4_1,Homarine (2H3-labelled),48,2,27.0673,-126.6739,20211123
230724_Smp_G4_2_C-H_t0_A,Particulate,TN397,ST004352,NA,TN397,G4_2,Control,0,13,0.1812,-141.9465,20211208
230724_Smp_G4_2_C-H_t0_B,Particulate,TN397,ST004352,NA,TN397,G4_2,Control,0,13,0.1812,-141.9465,20211208
230724_Smp_G4_2_C-H_t0_C,Particulate,TN397,ST004352,NA,TN397,G4_2,Control,0,13,0.1812,-141.9465,20211208
230724_Smp_G4_2_C-H_t2_A,Particulate,TN397,ST004352,NA,TN397,G4_2,Control,2,13,0.1812,-141.9465,20211208
230724_Smp_G4_2_C-H_t2_B,Particulate,TN397,ST004352,NA,TN397,G4_2,Control,2,13,0.1812,-141.9465,20211208
230724_Smp_G4_2_C-H_t2_C,Particulate,TN397,ST004352,NA,TN397,G4_2,Control,2,13,0.1812,-141.9465,20211208
230724_Smp_G4_2_C-H_t24_A,Particulate,TN397,ST004352,NA,TN397,G4_2,Control,24,13,0.1812,-141.9465,20211208
230724_Smp_G4_2_C-H_t24_B,Particulate,TN397,ST004352,NA,TN397,G4_2,Control,24,13,0.1812,-141.9465,20211208
230724_Smp_G4_2_C-H_t24_C,Particulate,TN397,ST004352,NA,TN397,G4_2,Control,24,13,0.1812,-141.9465,20211208
230724_Smp_G4_2_C-H_t48_A,Particulate,TN397,ST004352,NA,TN397,G4_2,Control,48,13,0.1812,-141.9465,20211208
230724_Smp_G4_2_C-H_t48_B,Particulate,TN397,ST004352,NA,TN397,G4_2,Control,48,13,0.1812,-141.9465,20211208
230724_Smp_G4_2_C-H_t48_C,Particulate,TN397,ST004352,NA,TN397,G4_2,Control,48,13,0.1812,-141.9465,20211208
230724_Smp_G4_2_H_t2_A,Particulate,TN397,ST004352,NA,TN397,G4_2,Homarine (2H3-labelled),2,13,0.1812,-141.9465,20211208
230724_Smp_G4_2_H_t2_B,Particulate,TN397,ST004352,NA,TN397,G4_2,Homarine (2H3-labelled),2,13,0.1812,-141.9465,20211208
230724_Smp_G4_2_H_t2_C,Particulate,TN397,ST004352,NA,TN397,G4_2,Homarine (2H3-labelled),2,13,0.1812,-141.9465,20211208
230724_Smp_G4_2_H_t24_A,Particulate,TN397,ST004352,NA,TN397,G4_2,Homarine (2H3-labelled),24,13,0.1812,-141.9465,20211208
230724_Smp_G4_2_H_t24_B,Particulate,TN397,ST004352,NA,TN397,G4_2,Homarine (2H3-labelled),24,13,0.1812,-141.9465,20211208
230724_Smp_G4_2_H_t24_C,Particulate,TN397,ST004352,NA,TN397,G4_2,Homarine (2H3-labelled),24,13,0.1812,-141.9465,20211208
230724_Smp_G4_2_H_t48_A,Particulate,TN397,ST004352,NA,TN397,G4_2,Homarine (2H3-labelled),48,13,0.1812,-141.9465,20211208
230724_Smp_G4_2_H_t48_B,Particulate,TN397,ST004352,NA,TN397,G4_2,Homarine (2H3-labelled),48,13,0.1812,-141.9465,20211208
230724_Smp_G4_2_H_t48_C,Particulate,TN397,ST004352,NA,TN397,G4_2,Homarine (2H3-labelled),48,13,0.1812,-141.9465,20211208
230717_Smp_G5_Hom1_C_A,Particulate,TN412,ST004353,NA,TN412,G51,Control,NA,2,19.3316,-138.71,20230128
230717_Smp_G5_Hom1_C_B,Particulate,TN412,ST004353,NA,TN412,G51,Control,NA,2,19.3316,-138.71,20230128
230717_Smp_G5_Hom1_C_C,Particulate,TN412,ST004353,NA,TN412,G51,Control,NA,2,19.3316,-138.71,20230128
230717_Smp_G5_Hom1_T0_A,Particulate,TN412,ST004353,NA,TN412,G51,"Homarine (13C7,15N-labelled)",0,2,19.3316,-138.71,20230128
230717_Smp_G5_Hom1_T0_B,Particulate,TN412,ST004353,NA,TN412,G51,"Homarine (13C7,15N-labelled)",0,2,19.3316,-138.71,20230128
230717_Smp_G5_Hom1_T0_C,Particulate,TN412,ST004353,NA,TN412,G51,"Homarine (13C7,15N-labelled)",0,2,19.3316,-138.71,20230128
230717_Smp_G5_Hom1_T6_A,Particulate,TN412,ST004353,NA,TN412,G51,"Homarine (13C7,15N-labelled)",6,2,19.3316,-138.71,20230128
230717_Smp_G5_Hom1_T6_B,Particulate,TN412,ST004353,NA,TN412,G51,"Homarine (13C7,15N-labelled)",6,2,19.3316,-138.71,20230128
230717_Smp_G5_Hom1_T6_C,Particulate,TN412,ST004353,NA,TN412,G51,"Homarine (13C7,15N-labelled)",6,2,19.3316,-138.71,20230128
230717_Smp_G5_Hom1_T12_A,Particulate,TN412,ST004353,NA,TN412,G51,"Homarine (13C7,15N-labelled)",12,2,19.3316,-138.71,20230128
230717_Smp_G5_Hom1_T12_B,Particulate,TN412,ST004353,NA,TN412,G51,"Homarine (13C7,15N-labelled)",12,2,19.3316,-138.71,20230128
230717_Smp_G5_Hom1_T12_C,Particulate,TN412,ST004353,NA,TN412,G51,"Homarine (13C7,15N-labelled)",12,2,19.3316,-138.71,20230128
230717_Smp_G5_Hom1_T24_A,Particulate,TN412,ST004353,NA,TN412,G51,"Homarine (13C7,15N-labelled)",24,2,19.3316,-138.71,20230128
230717_Smp_G5_Hom1_T24_B,Particulate,TN412,ST004353,NA,TN412,G51,"Homarine (13C7,15N-labelled)",24,2,19.3316,-138.71,20230128
230717_Smp_G5_Hom1_T24_C,Particulate,TN412,ST004353,NA,TN412,G51,"Homarine (13C7,15N-labelled)",24,2,19.3316,-138.71,20230128
230717_Smp_G5_Hom1_T48_A,Particulate,TN412,ST004353,NA,TN412,G51,"Homarine (13C7,15N-labelled)",48,2,19.3316,-138.71,20230128
230717_Smp_G5_Hom1_T48_B,Particulate,TN412,ST004353,NA,TN412,G51,"Homarine (13C7,15N-labelled)",48,2,19.3316,-138.71,20230128
230717_Smp_G5_Hom1_T48_C,Particulate,TN412,ST004353,NA,TN412,G51,"Homarine (13C7,15N-labelled)",48,2,19.3316,-138.71,20230128
230717_Smp_G5_Hom1_T96_A,Particulate,TN412,ST004353,NA,TN412,G51,"Homarine (13C7,15N-labelled)",96,2,19.3316,-138.71,20230128
230717_Smp_G5_Hom1_T96_B,Particulate,TN412,ST004353,NA,TN412,G51,"Homarine (13C7,15N-labelled)",96,2,19.3316,-138.71,20230128
230717_Smp_G5_Hom1_T96_C,Particulate,TN412,ST004353,NA,TN412,G51,"Homarine (13C7,15N-labelled)",96,2,19.3316,-138.71,20230128
230717_Smp_G5_Hom2_C_A,Particulate,TN412,ST004353,NA,TN412,G52,Control,NA,7,2.6222,-140,20230204
230717_Smp_G5_Hom2_C_B,Particulate,TN412,ST004353,NA,TN412,G52,Control,NA,7,2.6222,-140,20230204
230717_Smp_G5_Hom2_C_C,Particulate,TN412,ST004353,NA,TN412,G52,Control,NA,7,2.6222,-140,20230204
230717_Smp_G5_Hom2_T0_A,Particulate,TN412,ST004353,NA,TN412,G52,"Homarine (13C7,15N-labelled)",0,7,2.6222,-140,20230204
230717_Smp_G5_Hom2_T0_B,Particulate,TN412,ST004353,NA,TN412,G52,"Homarine (13C7,15N-labelled)",0,7,2.6222,-140,20230204
230717_Smp_G5_Hom2_T0_C,Particulate,TN412,ST004353,NA,TN412,G52,"Homarine (13C7,15N-labelled)",0,7,2.6222,-140,20230204
230717_Smp_G5_Hom2_T6_A,Particulate,TN412,ST004353,NA,TN412,G52,"Homarine (13C7,15N-labelled)",6,7,2.6222,-140,20230204
230717_Smp_G5_Hom2_T6_B,Particulate,TN412,ST004353,NA,TN412,G52,"Homarine (13C7,15N-labelled)",6,7,2.6222,-140,20230204
230717_Smp_G5_Hom2_T6_C,Particulate,TN412,ST004353,NA,TN412,G52,"Homarine (13C7,15N-labelled)",6,7,2.6222,-140,20230204
230717_Smp_G5_Hom2_T12_A,Particulate,TN412,ST004353,NA,TN412,G52,"Homarine (13C7,15N-labelled)",12,7,2.6222,-140,20230204
230717_Smp_G5_Hom2_T12_B,Particulate,TN412,ST004353,NA,TN412,G52,"Homarine (13C7,15N-labelled)",12,7,2.6222,-140,20230204
230717_Smp_G5_Hom2_T12_C,Particulate,TN412,ST004353,NA,TN412,G52,"Homarine (13C7,15N-labelled)",12,7,2.6222,-140,20230204
230717_Smp_G5_Hom2_T24_A,Particulate,TN412,ST004353,NA,TN412,G52,"Homarine (13C7,15N-labelled)",24,7,2.6222,-140,20230204
230717_Smp_G5_Hom2_T24_B,Particulate,TN412,ST004353,NA,TN412,G52,"Homarine (13C7,15N-labelled)",24,7,2.6222,-140,20230204
230717_Smp_G5_Hom2_T24_C,Particulate,TN412,ST004353,NA,TN412,G52,"Homarine (13C7,15N-labelled)",24,7,2.6222,-140,20230204
230717_Smp_G5_Hom2_T48_A,Particulate,TN412,ST004353,NA,TN412,G52,"Homarine (13C7,15N-labelled)",48,7,2.6222,-140,20230204
230717_Smp_G5_Hom2_T48_B,Particulate,TN412,ST004353,NA,TN412,G52,"Homarine (13C7,15N-labelled)",48,7,2.6222,-140,20230204
230717_Smp_G5_Hom2_T48_C,Particulate,TN412,ST004353,NA,TN412,G52,"Homarine (13C7,15N-labelled)",48,7,2.6222,-140,20230204
230717_Smp_G5_Hom2_T96_A,Particulate,TN412,ST004353,NA,TN412,G52,"Homarine (13C7,15N-labelled)",96,7,2.6222,-140,20230204
230717_Smp_G5_Hom2_T96_B,Particulate,TN412,ST004353,NA,TN412,G52,"Homarine (13C7,15N-labelled)",96,7,2.6222,-140,20230204
230717_Smp_G5_Hom2_T96_C,Particulate,TN412,ST004353,NA,TN412,G52,"Homarine (13C7,15N-labelled)",96,7,2.6222,-140,20230204
240926_Smp_RC104_HomFate_Con_A_posDDA,Particulate,RC104,ST004354,NA,RC104,rc104,Control,NA,2,48.15104,-123.00699,20230901
240926_Smp_RC104_HomFate_Con_B_posDDA,Particulate,RC104,ST004354,NA,RC104,rc104,Control,NA,2,48.15104,-123.00699,20230901
240926_Smp_RC104_HomFate_Con_C_posDDA,Particulate,RC104,ST004354,NA,RC104,rc104,Control,NA,2,48.15104,-123.00699,20230901
240926_Smp_RC104_HomFate_T0_A_posDDA,Particulate,RC104,ST004354,NA,RC104,rc104,"Homarine (13C7,15N-labelled)",0,2,48.15104,-123.00699,20230901
240926_Smp_RC104_HomFate_T0_B_posDDA,Particulate,RC104,ST004354,NA,RC104,rc104,"Homarine (13C7,15N-labelled)",0,2,48.15104,-123.00699,20230901
240926_Smp_RC104_HomFate_T0_C_posDDA,Particulate,RC104,ST004354,NA,RC104,rc104,"Homarine (13C7,15N-labelled)",0,2,48.15104,-123.00699,20230901
240926_Smp_RC104_HomFate_T6_A_posDDA,Particulate,RC104,ST004354,NA,RC104,rc104,"Homarine (13C7,15N-labelled)",6,2,48.15104,-123.00699,20230901
240926_Smp_RC104_HomFate_T6_B_posDDA,Particulate,RC104,ST004354,NA,RC104,rc104,"Homarine (13C7,15N-labelled)",6,2,48.15104,-123.00699,20230901
240926_Smp_RC104_HomFate_T6_C_posDDA,Particulate,RC104,ST004354,NA,RC104,rc104,"Homarine (13C7,15N-labelled)",6,2,48.15104,-123.00699,20230901
240926_Smp_RC104_HomFate_T12_A_posDDA,Particulate,RC104,ST004354,NA,RC104,rc104,"Homarine (13C7,15N-labelled)",12,2,48.15104,-123.00699,20230901
240926_Smp_RC104_HomFate_T12_B_posDDA,Particulate,RC104,ST004354,NA,RC104,rc104,"Homarine (13C7,15N-labelled)",12,2,48.15104,-123.00699,20230901
240926_Smp_RC104_HomFate_T12_C_posDDA,Particulate,RC104,ST004354,NA,RC104,rc104,"Homarine (13C7,15N-labelled)",12,2,48.15104,-123.00699,20230901
240926_Smp_RC104_HomFate_T24_A_posDDA,Particulate,RC104,ST004354,NA,RC104,rc104,"Homarine (13C7,15N-labelled)",24,2,48.15104,-123.00699,20230901
240926_Smp_RC104_HomFate_T24_B_posDDA,Particulate,RC104,ST004354,NA,RC104,rc104,"Homarine (13C7,15N-labelled)",24,2,48.15104,-123.00699,20230901
240926_Smp_RC104_HomFate_T24_C_posDDA,Particulate,RC104,ST004354,NA,RC104,rc104,"Homarine (13C7,15N-labelled)",24,2,48.15104,-123.00699,20230901
240926_Smp_RC104_HomFate_T48_A_posDDA,Particulate,RC104,ST004354,NA,RC104,rc104,"Homarine (13C7,15N-labelled)",48,2,48.15104,-123.00699,20230901
240926_Smp_RC104_HomFate_T48_B_posDDA,Particulate,RC104,ST004354,NA,RC104,rc104,"Homarine (13C7,15N-labelled)",48,2,48.15104,-123.00699,20230901
240926_Smp_RC104_HomFate_T48_C_posDDA,Particulate,RC104,ST004354,NA,RC104,rc104,"Homarine (13C7,15N-labelled)",48,2,48.15104,-123.00699,20230901
240926_Smp_RC104_HomFate_T96_A_posDDA,Particulate,RC104,ST004354,NA,RC104,rc104,"Homarine (13C7,15N-labelled)",96,2,48.15104,-123.00699,20230901
240926_Smp_RC104_HomFate_T96_B_posDDA,Particulate,RC104,ST004354,NA,RC104,rc104,"Homarine (13C7,15N-labelled)",96,2,48.15104,-123.00699,20230901
240926_Smp_RC104_HomFate_T96_C_posDDA,Particulate,RC104,ST004354,NA,RC104,rc104,"Homarine (13C7,15N-labelled)",96,2,48.15104,-123.00699,20230901
240926_Smp_RC104_HomFate_Con_A_negDDA,Particulate,RC104,ST004354,NA,RC104,rc104,Control,NA,2,48.15104,-123.00699,20230901
240926_Smp_RC104_HomFate_Con_B_negDDA,Particulate,RC104,ST004354,NA,RC104,rc104,Control,NA,2,48.15104,-123.00699,20230901
240926_Smp_RC104_HomFate_Con_C_negDDA,Particulate,RC104,ST004354,NA,RC104,rc104,Control,NA,2,48.15104,-123.00699,20230901
240926_Smp_RC104_HomFate_T0_A_negDDA,Particulate,RC104,ST004354,NA,RC104,rc104,"Homarine (13C7,15N-labelled)",0,2,48.15104,-123.00699,20230901
240926_Smp_RC104_HomFate_T0_B_negDDA,Particulate,RC104,ST004354,NA,RC104,rc104,"Homarine (13C7,15N-labelled)",0,2,48.15104,-123.00699,20230901
240926_Smp_RC104_HomFate_T0_C_negDDA,Particulate,RC104,ST004354,NA,RC104,rc104,"Homarine (13C7,15N-labelled)",0,2,48.15104,-123.00699,20230901
240926_Smp_RC104_HomFate_T6_A_negDDA,Particulate,RC104,ST004354,NA,RC104,rc104,"Homarine (13C7,15N-labelled)",6,2,48.15104,-123.00699,20230901
240926_Smp_RC104_HomFate_T6_B_negDDA,Particulate,RC104,ST004354,NA,RC104,rc104,"Homarine (13C7,15N-labelled)",6,2,48.15104,-123.00699,20230901
240926_Smp_RC104_HomFate_T6_C_negDDA,Particulate,RC104,ST004354,NA,RC104,rc104,"Homarine (13C7,15N-labelled)",6,2,48.15104,-123.00699,20230901
240926_Smp_RC104_HomFate_T12_A_negDDA,Particulate,RC104,ST004354,NA,RC104,rc104,"Homarine (13C7,15N-labelled)",12,2,48.15104,-123.00699,20230901
240926_Smp_RC104_HomFate_T12_B_negDDA,Particulate,RC104,ST004354,NA,RC104,rc104,"Homarine (13C7,15N-labelled)",12,2,48.15104,-123.00699,20230901
240926_Smp_RC104_HomFate_T12_C_negDDA,Particulate,RC104,ST004354,NA,RC104,rc104,"Homarine (13C7,15N-labelled)",12,2,48.15104,-123.00699,20230901
240926_Smp_RC104_HomFate_T24_A_negDDA,Particulate,RC104,ST004354,NA,RC104,rc104,"Homarine (13C7,15N-labelled)",24,2,48.15104,-123.00699,20230901
240926_Smp_RC104_HomFate_T24_B_negDDA,Particulate,RC104,ST004354,NA,RC104,rc104,"Homarine (13C7,15N-labelled)",24,2,48.15104,-123.00699,20230901
240926_Smp_RC104_HomFate_T24_C_negDDA,Particulate,RC104,ST004354,NA,RC104,rc104,"Homarine (13C7,15N-labelled)",24,2,48.15104,-123.00699,20230901
240926_Smp_RC104_HomFate_T48_A_negDDA,Particulate,RC104,ST004354,NA,RC104,rc104,"Homarine (13C7,15N-labelled)",48,2,48.15104,-123.00699,20230901
240926_Smp_RC104_HomFate_T48_B_negDDA,Particulate,RC104,ST004354,NA,RC104,rc104,"Homarine (13C7,15N-labelled)",48,2,48.15104,-123.00699,20230901
240926_Smp_RC104_HomFate_T48_C_negDDA,Particulate,RC104,ST004354,NA,RC104,rc104,"Homarine (13C7,15N-labelled)",48,2,48.15104,-123.00699,20230901
240926_Smp_RC104_HomFate_T96_A_negDDA,Particulate,RC104,ST004354,NA,RC104,rc104,"Homarine (13C7,15N-labelled)",96,2,48.15104,-123.00699,20230901
240926_Smp_RC104_HomFate_T96_B_negDDA,Particulate,RC104,ST004354,NA,RC104,rc104,"Homarine (13C7,15N-labelled)",96,2,48.15104,-123.00699,20230901
240926_Smp_RC104_HomFate_T96_C_negDDA,Particulate,RC104,ST004354,NA,RC104,rc104,"Homarine (13C7,15N-labelled)",96,2,48.15104,-123.00699,20230901
