replicate_name,treatment,sample_fraction,timepoint,experiment_id,Adenine,Adenosine,Citrulline,Cytosine,Deoxyadenosine,Guanosine,Homarine,L-Arginine,L-Asparagine,L-Glutamic acid,L-Homoserine,L-Lysine,L-Phenylalanine,L-Proline,L-Serine,L-Tryptophan,L-Tyrosine,N-Methyl-L-glutamic acid,glutamic_acid_13C_15N,homarine_13C_15N,n-methyl glutamic acid_13C_15N,n-methyl glutamine,n-methyl glutamine_13C_15N,unknown_C6H9NO4_pos,unknown_C6H9NO4_pos_early,unknown_C7H11NO3_pos,unknown_C7H9NO5_pos_13C_15N,Adenosine monophosphate,L-Cysteic acid,UDP-N-acetylglucosamine,unknown_C6H9NO3_1_neg,unknown_C6H9NO3_1_neg_13C_15N,unknown_C6H9NO3_2_neg,unknown_C6H9NO3_2_neg_13C_15N,unknown_C6H9NO4_neg
240926_Smp_RC104_HomFate_Con_A,Control,Particulate,NA,NA,828414464,166473088,3562698,94144488,56932832,2801434.7412675135,3334265600,31264798,3241724,231116400,6336433,4924292,48287149.34636332,329975168,3360378,2269853,17004986,22891796,NA,468111,NA,10923832,NA,174183.20613873014,1161318,15572181,NA,1280282,5581100,120952,NA,NA,653273.98640736,NA,125266
240926_Smp_RC104_HomFate_Con_B,Control,Particulate,NA,NA,295846144,142824688,2786515,39746612,17484288,2254462.737257274,3186465280,22471122,2920008,171324608,4197646,4428010,35222584.1410085,301233632,3272496,2481216,16171970,23445922,NA,1656955,NA,11560118,NA,148110.91093947217,409722,13581260,NA,1970644,3173321,183604,201147,NA,199493.72739590445,NA,NA
240926_Smp_RC104_HomFate_Con_C,Control,Particulate,NA,NA,406546592,81013544,2128497,57992500,16346839,1254295.086082665,1925811200,14056305,2497653,127739240,4090230,3079624,26417942.34156816,216131696,3200228,1421996,8928605,14175991,NA,138020,NA,4103614,NA,NA,342994,7934705,45896,1069248,2126887,61747,NA,NA,208751.98018064012,NA,NA
240926_Smp_RC104_HomFate_T0_A,Homarine,Particulate,0,NA,411181888,74691080,5609863,38399340,9762271,738738.7089111267,2935372544,21531446,3706032,185533328,5187977,4666290,37042449.53866895,401994240,10361907,1940047,18132440,24828420,2036748,193787232,7936199,6726185,NA,137128.281186599,396338,12872530,NA,1280830,3693699,248814,78512,NA,413120.4488548638,NA,NA
240926_Smp_RC104_HomFate_T0_B,Homarine,Particulate,0,NA,968990144,99442192,4523260,52351268,26827448,1859563.2631587344,4581720064,37040824,4967825,266533488,7496378,5799325,69904447.07684037,455411264,5572320,3629708,21175726,36718128,4358174,385618400,14628324,NA,NA,236573.94182588297,1441364,16198074,NA,1986509,4368997,324969,248630,NA,746132.9294172202,NA,NA
240926_Smp_RC104_HomFate_T0_C,Homarine,Particulate,0,NA,243125216,71067720,3818637,33845668,5293435,1310256.7971445282,4649757184,18408434,3412938,153850416,4773560,3851332,38826791.14619943,357139200,5938972,1225397,11825397,22778976,2548540,378575008,10014775,12285374,NA,NA,163806,10798026,NA,227335,2594727,298272,48490,NA,314865.1059972998,NA,NA
240926_Smp_RC104_HomFate_T6_A,Homarine,Particulate,6,NA,269796992,68458344,13640088,57734380,9670068,2606546.805902405,4438765568,49665096,6638667,229827280,19077056,8787672,106553289.58630218,525398848,19043234,4537787,16610814,20235522,42649072,5037727232,68711344,NA,261396,183171.99099109732,336371,10055262,NA,1370506,2428381,401820,478037,NA,796909.6557678817,1027878.0256252548,NA
240926_Smp_RC104_HomFate_T6_B,Homarine,Particulate,6,NA,48041616,8199271,15725640,26608962,1250989,737988.7319066369,1672967424,15598582,4216379,147431552,5016232,5135056,56203779.549263254,316644128,29328824,994926,12085627,11306632,21933872,2450482688,40002576,NA,285002,115660.24769539144,NA,7387005,NA,NA,1571229,155732,98726,66635,511893.5221261288,210535.30499036983,NA
240926_Smp_RC104_HomFate_T6_C,Homarine,Particulate,6,NA,99898000,15688428,8919207,41510296,1258495,1083700.26752207,4159005440,28618906,5751145,90356488,16969282,6042681,94731002.24805328,474747456,18260200,811011,13608955,14444931,20375994,5752175616,32658574,4760998,391441,NA,NA,3203521,336272,NA,1911049,209903,92272,55462,436530.99526415113,153916.2424678737,NA
240926_Smp_RC104_HomFate_T12_A,Homarine,Particulate,12,NA,342686688,101402856,6212647,32997486,9840207,1460835.258125292,3710355456,36408972,4888445,245893168,12660430,5129846,70777948.66747315,397994496,7086851,3095877,10511611,27127190,34031348,5171395072,79071208,NA,788233,99501.65565969348,412447,9720487,NA,1429309,3140132,509821,72706,NA,383939.5130101928,1249196.9862057427,43126
240926_Smp_RC104_HomFate_T12_B,Homarine,Particulate,12,NA,152346928,82044360,3107490,51795176,7299677,1499847.6570836152,2226615552,17130984,2569660,164541744,6776393,3041199,35936007.110181384,234771024,3502884,1692857,6508503,7205047,39159580,4343264256,64007064,633951,568550,53272.37472754492,85998,3886200,147917,435363,1719387,146054,NA,NA,124901.09437226653,872153.8059614302,NA
240926_Smp_RC104_HomFate_T12_C,Homarine,Particulate,12,NA,565503040,145093728,6998211,82841712,21880432,5002509.26631063,5852463616,105804864,7262101,327687040,21575730,12782263,114557912.99340454,647378752,7512285,5816447,20597748,25348784,56446748,7596877824,95112640,NA,1019863,257848.14839477817,752077,6298864,NA,2178302,4267654,747754,357159,NA,NA,1984279.1259353564,NA
240926_Smp_RC104_HomFate_T24_A,Homarine,Particulate,24,NA,804003968,193966288,3994547,118419792,60727400,4423604.762622863,6030387200,44072032,4664782,281486112,4776402,7615735,77842484.37619577,424999648,5589081,4112184,17874864,15847087,78077920,11860980736,129747792,NA,3942288,62554.912208003145,1299168,3410503,NA,1834645,4492363,273549,183902,NA,352417.8037938079,2416826.322129212,NA
240926_Smp_RC104_HomFate_T24_B,Homarine,Particulate,24,NA,270455936,42568336,5209240,50175928,15190359,3347356.3324783314,4711577088,46631720,5724035,339122560,4949253,5588177,38583657.77991144,458523456,4754384,1758581,11825271,22162646,102402312,11783908352,185618160,NA,4947222,262431.8173895799,356519,NA,55750,984822,4114836,558037,219997,NA,770350.8153639287,3501930.8303702357,NA
240926_Smp_RC104_HomFate_T24_C,Homarine,Particulate,24,NA,1884706048,280313888,10352401,251967664,269789632,29246784.25245206,8244518912,275810368,15593819,742921088,13668226,29647472,320139323.54412407,970851648,13992740,16297657,50900464,59112880,73534056,12899290112,247868880,NA,4424420,440360.808102672,3226476,6550554,NA,2118574,11466377,794027,NA,NA,1524596.220713087,5805463.178632505,NA
240926_Smp_RC104_HomFate_T48_A,Homarine,Particulate,48,NA,1062670464,202571216,6753040,225712880,63392392,4333355.55632971,5865862656,44804652,4966474,225579328,NA,8964242,92179739.84801202,460387072,11156934,3535653,21429972,11727931,19118380,12286804992,61898968,NA,1563048,123212.67470392233,1511915,NA,64263,1043364,4269419,78650,170020,NA,1235145.8411473176,1860524.0005523944,41534
240926_Smp_RC104_HomFate_T48_B,Homarine,Particulate,48,NA,1443562496,470253344,9243076,126251832,107223280,12447904.7956112,10939744256,97982080,10156087,569914112,7338758,15512556,225884007.47298676,778554112,15402212,11049527,52630184,51062928,21508956,16738979840,136128832,NA,1209343,451109.1239338774,2521368,3905723,NA,1720203,8530205,831804,NA,NA,3074098.6021801815,3887032.231077733,NA
240926_Smp_RC104_HomFate_T48_C,Homarine,Particulate,48,NA,2628069120,260249616,10622665,267473248,286240288,9172528.345631478,9317761024,172885952,12669571,597241088,10076362,24685404,395411757.37576973,1034918208,22258358,15407719,65196152,39438344,18295256,11915720704,81336024,NA,626060,575308.5708713727,4426528,NA,NA,1738105,8741777,567163,NA,NA,1786644.6827262198,2431025.330115778,NA
240926_Smp_RC104_HomFate_T96_A,Homarine,Particulate,96,NA,2697674752,156656752,8590296,92899440,52479824,3531177.2605298804,16247639040,97966048,13280271,710672448,NA,13048796,125332121.3809266,1437732224,17292324,3509991,23295852,13627127,NA,5323034624,2036118,24945624,NA,119240.51239880886,3367956,NA,NA,3564371,14691083,2466944,NA,42479,989906.8940354558,NA,NA
240926_Smp_RC104_HomFate_T96_B,Homarine,Particulate,96,NA,2232317952,154836336,5925123,136378864,151710304,10649278.539247513,21826738176,142818224,20498868,956347776,5819197,22599632,340222163.81161,1742752640,18214878,9277409,46389096,20577740,88714,4960471552,5461728,NA,NA,146058.97717895443,4536166,5955663,NA,5185472,17350050,2749468,NA,NA,3205543.014113658,NA,NA
240926_Smp_RC104_HomFate_T96_C,Homarine,Particulate,96,NA,5164254208,253869440,10862579,148913600,127509800,7962932.65744876,22711207936,125349104,17753260,1000910848,4371571,20585572,253885854.97243777,1610709888,24793656,5834805,34919560,11403732,53003,4711018496,3181033,NA,NA,NA,10230666,8024912,NA,4360909,18812582,3227518,NA,NA,3816399.796849667,NA,NA
