replicate_name,treatment,sample_fraction,timepoint,experiment_id,Adenine,Adenosine,Adenosine monophosphate,Citrulline,Cytosine,Deoxyadenosine,Glutathione disulfide,Guanosine,Homarine,L-Arginine,L-Asparagine,L-Cysteic acid,L-Glutamic acid,L-Homoserine,L-Lysine,L-Phenylalanine,L-Proline,L-Serine,L-Tryptophan,L-Tyrosine,N-Methyl-L-glutamic acid,UDP-N-acetylglucosamine,homarine_D2,homarine_D3,n-methyl glutamic acid_D2,n-methyl glutamic acid_D3,n-methyl glutamine,n-methyl glutamine_D3,unknown_C6H11NO2_pos,unknown_C6H9NO3_1_neg,unknown_C6H9NO3_1_neg_D3,unknown_C6H9NO3_2_neg_D3,unknown_C6H9NO3_3_neg,unknown_C6H9NO3_3_neg_D3,unknown_C6H9NO4_neg_D3,unknown_C7H11NO3_pos,unknown_C7H9NO5_pos_D3
230724_Poo_G4-MethylHomFate_Full1,NA,Particulate,NA,NA,255007488,204383680,2765937,10850715,79366976,36783860,273036,3119342,1535905280,35262652,7936322,916511,396400128,4316969,4418846,42152252,84666480,9098239,6921026,10116427,3637542,184577,19816344,5279260672,403744,35520708,1293959,18471624,1651320,144424,1436096,581381,NA,NA,NA,29147984,265796
230724_Poo_G4-MethylHomFate_Full2,NA,Particulate,NA,NA,256524688,206629392,3275645,10860579,79967688,39606520,211053,3234275,1583988608,34503888,7725816,1029925,424328992,4177776,4551813,40785276,82823008,8901014,7010578,10084495,3466213,284486,20095206,5469517312,396893,36110116,1243068,20336802,2007321,40655,1520511,487794,70315,61546,73534,31263776,282638
230724_Poo_G4-MethylHomFate_Full3,NA,Particulate,NA,NA,256400896,200255776,3199182,13255971,77644608,37704464,225924,3044810,1491014400,38171760,8002966,958395,460193792,3989687,4850281,38107240,78950552,9950462,6668324,9973561,3473730,249205,18942030,5124203008,424221,37131224,1189902,17772314,1909260,100732,1576226,656374,NA,45272,54608,29659998,249654
230724_Poo_G4-MethylHomFate_Full4,NA,Particulate,NA,NA,253819520,200361616,3173807,17559656,76790928,38105296,264555,3083561,1591864192,45395480,9802112,1265528,547336000,4573547,5557339,39837520,78798512,11549037,6895482,10119910,3608795,321602,19868930,5466172416,485229,37948436,1271254,17231506,1745240,140562,1636561,654601,105359,66537,NA,31745476,360844
230724_Poo_G4-MethylHomFate_Full5,NA,Particulate,NA,NA,256034288,213678640,3610649,18048746,82707216,40986576,312864,3500764,1645649664,49605100,10266161,1191761,538342976,4995879,6269679,41231576,88505904,12626813,7182725,11038142,3977409,352261,20718594,5649290240,474935,39385492,1311804,18772520,2051925,200453,1694244,577825,53091,47364,49021,33075132,369165
230724_Poo_G4-MethylHomFate_Full6,NA,Particulate,NA,NA,241484352,184267456,3040829,10319283,67841712,33569252,155495,3152038,1538082688,35948368,7839230,1001627,431649344,NA,4863948,35763164,70949912,8555401,6113718,10262470,3430708,200049,19886232,5263500288,399376,35899700,1023968,17281594,1860897,151046,1603718,687373,NA,50710,NA,29001254,266112
230724_Poo_G4-MethylHomFate_Full7,NA,Particulate,NA,NA,250677296,200817568,3054919,12261996,68995608,39552516,192929,3241817,1570223744,36695568,8553376,1061516,471962496,5027898,4766025,40603120,72234328,9602017,6518701,10517222,3535114,347346,19923522,5384835072,459365,37219528,1136335,15355492,1879333,109724,1628599,729307,NA,NA,NA,31271846,268981
230724_Poo_G4-MethylHomFate_Full8,NA,Particulate,NA,NA,261529504,205649296,3334315,12806988,56716388,39726032,213112,3066901,1545444736,37719632,8548465,1093043,514708800,NA,4947094,41982784,68137088,9654659,6749668,11137878,3800853,289449,19493382,5264954880,430051,37953484,1293383,15674902,1581598,88139,1699586,546157,NA,42882,NA,31846634,307620
230724_Poo_G4-MethylHomFate_Full9,NA,Particulate,NA,NA,253650288,202261056,3290127,10937900,45373880,39295592,142549,3135484,1578271488,37038480,8043691,1084656,506362272,3855962,4841718,40786700,66182568,8553654,6542641,11356908,3712158,285135,19855290,5395046912,499578,37738804,1034620,15836942,1822171,161250,1682343,715804,89477,NA,NA,30733660,286019
230724_Poo_G4-MethylHomFate_Full10,NA,Particulate,NA,NA,274972736,232562624,3622422,11953615,74290744,45299568,179914,3551733,1647210112,39081204,8590675,1142307,495785344,4668961,4763683,47485560,71247312,10447707,7468734,11179656,3591558,126497,20759202,5655451648,392944,38012968,1271851,17744244,1697348,144896,1617565,747576,43596,145922,NA,32000738,279632
230724_Poo_G4-MethylHomFate_Full11,NA,Particulate,NA,NA,244442656,203604832,3121949,13754192,41635560,40734708,227217,3103453,1512822912,39961300,8694215,1112293,569453696,4356190,5176181,40529240,62117956,9367644,6308282,10867863,3639433,333649,19224666,5221544448,465240,37819184,1196604,14733933,1752093,190544,1772416,792754,95990,NA,NA,30409604,258836
230724_Poo_G4-MethylHomFate_Full12,NA,Particulate,NA,NA,260150640,219143424,3520010,16979818,43104164,44470752,244749,3354581,1532500096,42686312,10097866,1472645,617952448,4700494,6009484,44242184,61820864,9649702,6674032,11877487,3512967,205291,20176742,5288119296,342103,37293164,946625,14889111,1936225,152282,1896001,545455,114670,121251,NA,28883544,316945
230724_Poo_G4-MethylHomFate_Full13,NA,Particulate,NA,NA,266399536,210765968,3524954,15786626,41204144,45818180,187118,3109967,1548537856,38049632,9220776,1206629,616897664,4827627,5191886,44244812,59195668,9100133,6350173,11017377,3662776,349194,19873042,5304485376,403178,38285024,1056701,14237094,1985601,207021,1890286,747428,129945,84747,NA,29543228,303987
230724_Poo_G4-MethylHomFate_Full14,NA,Particulate,NA,NA,271528320,222873552,3482134,14185760,42536652,45936476,199887,3290557,1502015232,36677368,8579214,1077482,597622912,3836709,4884066,44615744,59296896,8554638,6788124,11918037,3842969,228488,18789402,5173891584,417042,37627028,898453,14639184,1935690,175342,1835647,497041,92950,101800,NA,30707360,368891
230724_Smp_G4_1_C-H_t0_A,Control,Particulate,0,G4_1,137806304,85963896,1136419,6730712,41995164,8709438,NA,637061,119151360,10233345,3228222,NA,173815936,1856266,1147667,9769888,11714525,5340508,1926099,3236568,1245529,47390,NA,NA,NA,NA,293440,NA,547096,NA,NA,NA,NA,NA,NA,9916781,NA
230724_Smp_G4_1_C-H_t0_B,Control,Particulate,0,G4_1,166471824,72849104,1798556,6783389,33403944,8741426,NA,510372,437502176,8579615,3499486,74340,200592448,1701689,1100935,12277015,13417904,6138773,2344548,4312332,1139157,144040,NA,NA,NA,NA,217202,NA,783356,NA,NA,NA,NA,NA,NA,9879868,NA
230724_Smp_G4_1_C-H_t0_C,Control,Particulate,0,G4_1,107722504,65458004,991119,5759662,36818956,7001644,NA,483698,86972800,7737880,2353484,43684,154178560,1684035,1101584,9163905,13514757,3938793,1723009,2859102,1068510,40632,NA,NA,NA,NA,249706,NA,555135,NA,NA,NA,NA,NA,NA,9757083,NA
230724_Smp_G4_1_C-H_t2_A,Control,Particulate,2,G4_1,117461032,60800920,1256985,6149159,20871596,6752142,NA,317553,128330552,9310569,2835444,NA,230120704,NA,1187748,9938129,9937592,3264419,2157657,3243345,1490237,86567,NA,NA,NA,NA,311821,NA,1359422,NA,NA,NA,NA,NA,NA,13211460,NA
230724_Smp_G4_1_C-H_t2_B,Control,Particulate,2,G4_1,87090904,39475780,580373,2493034,31445294,4310239,NA,263025,82904160,6241020,1462403,NA,104957048,1381709,632684,NA,11176279,1968237,1608365,2332827,1016584,NA,NA,NA,NA,NA,251500,NA,952966,NA,NA,NA,NA,NA,NA,9754569,NA
230724_Smp_G4_1_C-H_t2_C,Control,Particulate,2,G4_1,130367280,69157424,1395091,5886595,18178838,5542615,NA,374802,106189320,7881213,2598942,69331,209947472,NA,882716,13009890,10028344,2963450,1573230,3352491,1372012,43450,NA,NA,NA,NA,301225,NA,1050742,45033,NA,NA,NA,NA,NA,15060588,NA
230724_Smp_G4_1_C-H_t24_A,Control,Particulate,24,G4_1,79714864,93644392,814152,3794401,26631190,11016455,NA,631734,86992480,6581298,1816498,NA,115251544,2613890,942243,11235706,12511370,4141143,1785870,2717293,705805,NA,NA,NA,NA,NA,93694,NA,595860,NA,NA,NA,NA,NA,NA,6261289,NA
230724_Smp_G4_1_C-H_t24_B,Control,Particulate,24,G4_1,30146096,45820412,1408690,4345832,7966777,3366739,NA,393543,89138624,6624434,2620361,71383,127629688,2729040,811190,11001610,10522487,3299797,1828722,2275032,873252,NA,NA,NA,NA,NA,346824,NA,549862,NA,NA,NA,NA,NA,NA,NA,NA
230724_Smp_G4_1_C-H_t24_C,Control,Particulate,24,G4_1,143916272,73616968,1325453,3560214,36233064,9607255,NA,633826,138201488,8964363,1877146,48072,132237112,3145146,833052,12476890,11908006,2362883,1593045,2968574,902724,NA,NA,NA,NA,NA,249633,NA,847654,NA,NA,NA,NA,NA,NA,4731374,NA
230724_Smp_G4_1_C-H_t48_A,Control,Particulate,48,G4_1,140575888,59814168,1261946,5145692,50629728,8569632,NA,522618,216728848,14676019,2568164,97496,154202496,3748044,1097561,21493238,23871038,2221615,1620083,2753590,829701,NA,NA,NA,NA,NA,273332,NA,612684,NA,NA,NA,NA,NA,NA,6673202,NA
230724_Smp_G4_1_C-H_t48_B,Control,Particulate,48,G4_1,91530080,54586468,1676350,6459519,31144644,5619058,NA,414013,174528288,13960475,3102590,NA,231143840,3098511,1382418,15722835,18441640,3237904,2163310,3465078,674336,NA,NA,NA,NA,NA,284617,NA,221076,NA,NA,NA,NA,NA,NA,6701943,NA
230724_Smp_G4_1_C-H_t48_C,Control,Particulate,48,G4_1,127711944,51803692,1425739,3793425,28142794,6517457,NA,481521,179987776,8677980,2017417,68196,127608704,2072325,905520,14303656,19185238,2013225,1848028,3100754,668250,NA,NA,NA,NA,NA,96061,NA,524962,NA,NA,NA,NA,NA,NA,3591840,NA
230724_Smp_G4_1_H_t2_A,Homarine,Particulate,2,G4_1,76371000,73048592,750476,3968492,22150750,7074216,NA,553131,84306176,6005276,1922310,142124,142222528,1622306,781815,9249226,12233940,2412914,1534860,2557795,1210479,NA,3955119,1106563200,NA,2143356,444347,555907,954892,NA,NA,NA,NA,NA,NA,8801849,NA
230724_Smp_G4_1_H_t2_B,Homarine,Particulate,2,G4_1,115812696,54452212,1362398,8067585,38369608,5710697,NA,416252,100830984,10378278,2834743,89607,194297808,2137639,1218595,8515233,13151791,3376615,1455200,2595781,1471691,NA,3466910,1027514816,NA,2609835,319550,394676,904543,NA,NA,NA,NA,NA,NA,19038144,NA
230724_Smp_G4_1_H_t2_C,Homarine,Particulate,2,G4_1,48187092,38486884,788524,4287999,10208797,2898537,NA,223871,101362488,7426441,1844911,73055,160784288,1517207,765592,7502334,9261717,2392473,1384457,2216528,1098634,NA,2709594,806664704,NA,1788143,220167,284467,682623,NA,NA,NA,NA,NA,NA,14688551,NA
230724_Smp_G4_1_H_t24_A,Homarine,Particulate,24,G4_1,102141248,108010472,1186444,5892503,24049110,11626214,NA,806731,122395904,10412474,2632432,125895,183558592,2087299,1355701,16013480,16439502,2777938,2264114,3927777,1130551,NA,12812755,3500949504,96306,10150689,506382,3187602,559699,NA,424469,58830,NA,NA,NA,7789896,NA
230724_Smp_G4_1_H_t24_B,Homarine,Particulate,24,G4_1,74321104,127133736,1653134,12601195,16377052,12028138,65881,844453,158946496,20522864,3692771,178838,283599456,3652202,1857156,16380261,25744466,4496131,3068475,4186689,2079682,NA,10265033,2747247616,197597,11576861,989466,7870885,1080538,56773,504464,NA,NA,NA,NA,27093144,54844
230724_Smp_G4_1_H_t24_C,Homarine,Particulate,24,G4_1,181330016,106127208,1474546,6854027,53635012,13321897,NA,921633,128819472,10981836,2974939,129767,188385312,2571837,1411194,13761097,20650960,3127238,2522780,4194982,1389417,NA,14767278,3895830528,265219,15165734,869481,12140528,634519,51711,696638,107995,NA,NA,NA,13450438,41620
230724_Smp_G4_1_H_t48_A,Homarine,Particulate,48,G4_1,174400848,68037872,854684,4910022,33988872,15310845,NA,443542,69340992,9917423,2930526,52071,210685600,NA,1551530,13834920,22441346,3410821,2464077,4082631,726707,NA,9668690,2647008768,108896,12945226,579734,5370975,871169,NA,521592,NA,NA,NA,NA,11252529,NA
230724_Smp_G4_1_H_t48_B,Homarine,Particulate,48,G4_1,109164864,69462352,1382837,5961006,34696792,9733894,NA,510896,98570560,11930129,3273066,202613,224401616,3388991,1592251,20615086,15915714,4118564,2452341,4024555,1071024,79056,14284820,3745414400,191313,13801939,744351,2855217,620898,NA,588610,NA,NA,NA,NA,10664477,NA
230724_Smp_G4_1_H_t48_C,Homarine,Particulate,48,G4_1,101882304,45776688,1292931,4741798,28330996,6106586,NA,334926,110439000,8533498,2523311,73696,150743488,2310155,782010,12127526,12641942,2014153,1753511,2610538,731823,NA,9453355,2609125376,143751,11755786,244195,2588653,695482,NA,394503,42247,NA,NA,NA,5684477,NA
230724_Smp_G4_2_C-H_t0_A,Control,Particulate,0,G4_2,318601408,245912288,6065188,12793110,116824216,26066974,291960,3742689,4063612416,41342160,11543214,958714,657578944,5406329,5078436,39155648,71903696,11289961,8209810,12164667,6841999,216530,NA,NA,NA,146588,831637,NA,2579156,312690,NA,NA,63110,NA,NA,29241272,NA
230724_Smp_G4_2_C-H_t0_B,Control,Particulate,0,G4_2,110580016,230411216,6398297,13172076,23776886,11361066,480625,3002710,3709890560,29416370,10736379,914160,603753664,4350568,3744644,30591858,54928468,9776145,6961838,9792311,4458898,199671,NA,NA,NA,120749,892196,NA,2356451,195633,NA,NA,79256,NA,NA,38297288,NA
230724_Smp_G4_2_C-H_t0_C,Control,Particulate,0,G4_2,222427456,173370688,5179551,17334232,87603992,9810459,307964,2391341,3105221632,40785348,11438018,844601,506672096,4063778,4216161,29650778,72950216,14237602,6271747,10633092,5318305,232584,NA,NA,NA,247995,835800,NA,2683947,143192,NA,NA,NA,NA,NA,26959148,NA
230724_Smp_G4_2_C-H_t2_A,Control,Particulate,2,G4_2,318012576,171084752,7474529,25418950,111756416,26631634,430776,2745532,4552528384,47167696,11374284,992792,648621248,5792517,5810720,41222788,92057192,19547212,7482441,13223571,8091940,624135,NA,NA,NA,NA,1417485,NA,5919920,373087,NA,NA,155846,NA,NA,52736740,NA
230724_Smp_G4_2_C-H_t2_B,Control,Particulate,2,G4_2,228048192,136240320,7227146,20019592,55364512,15511237,625824,2104014,3801157632,33775052,10411557,904234,751763264,5449124,4814655,26055202,60491092,14837686,5332025,10100768,5846096,429910,NA,NA,NA,NA,792820,NA,4325982,316307,NA,NA,45048,NA,NA,50546208,NA
230724_Smp_G4_2_C-H_t2_C,Control,Particulate,2,G4_2,242842032,196194128,6865480,19845614,71030000,27951194,438652,2695851,4086660096,39514864,11098979,838837,699158528,5696580,5460562,35699444,77652312,17109264,6467052,11098152,9174956,619025,NA,NA,NA,NA,894522,NA,3900324,467383,NA,NA,142267,NA,NA,38728132,NA
230724_Smp_G4_2_C-H_t24_A,Control,Particulate,24,G4_2,275323104,289273632,6312477,14186470,59589188,39878816,232555,4541939,3358316032,45613548,10833533,1767737,575843328,5667899,6302916,57562888,89823824,10332586,8250885,14722274,3783403,379460,NA,5012892,NA,320262,1115474,NA,1744707,167482,NA,NA,200857,NA,NA,24672954,NA
230724_Smp_G4_2_C-H_t24_B,Control,Particulate,24,G4_2,273087136,276973952,7899201,25128216,51445244,31561834,520393,4565390,3543306496,71817536,14673766,1878656,737483008,9132321,8943470,67578048,111123000,12149138,10342628,20634680,8599346,550804,NA,1925242,NA,361868,1528806,NA,3961557,421685,NA,NA,339475,NA,NA,55311140,NA
230724_Smp_G4_2_C-H_t24_C,Control,Particulate,24,G4_2,266838560,312652608,6312620,25807042,100083504,57316324,364772,5948245,3165022976,61620820,12028350,2328518,618657600,6740287,7196223,49251176,108744272,12137049,7831863,12107964,3128044,459559,NA,NA,NA,NA,1275868,NA,1186510,NA,NA,NA,171533,NA,NA,24984660,NA
230724_Smp_G4_2_C-H_t48_A,Control,Particulate,48,G4_2,439624800,408885280,6237765,22559286,54957532,109713136,479366,15748480,4822354432,140912224,19175250,3663385,916149760,10820945,21214832,175898656,305793504,17943484,29914514,44457176,5607127,663950,NA,NA,NA,399206,1103424,NA,4262004,225413,NA,NA,190294,NA,NA,20111140,NA
230724_Smp_G4_2_C-H_t48_B,Control,Particulate,48,G4_2,342096992,284298144,7174557,17608084,116701936,42527896,609268,9728890,5329468928,108912944,14603075,2862927,694089920,8799878,16493951,99201072,424250624,16506049,19309976,19181788,4451632,755529,NA,NA,NA,NA,1244562,NA,3549511,103719,NA,NA,142153,NA,NA,30350736,NA
230724_Smp_G4_2_C-H_t48_C,Control,Particulate,48,G4_2,465747424,322805504,5598058,15021607,120534248,61570288,381761,10384796,3791886336,111861032,13743376,3357297,611683200,9766633,16197731,130935608,309578208,15438990,19941514,25478568,4777748,550079,NA,NA,NA,63148,1168076,NA,2983737,122426,NA,NA,141601,NA,NA,15422374,NA
230724_Smp_G4_2_H_t2_A,Homarine,Particulate,2,G4_2,221385648,291870464,5943872,19048266,63406788,52807464,581502,4593817,3626906368,63823128,13472190,1193931,594581952,7573713,7879414,49954396,123115256,18652266,10919925,16653092,8773075,626461,16051806,4485629440,440586,26290216,1296659,1775261,8068007,340873,1053140,NA,NA,NA,NA,70364208,NA
230724_Smp_G4_2_H_t2_B,Homarine,Particulate,2,G4_2,210984800,247121504,7920909,21962948,38710844,26094932,565000,3106843,3641936640,59450716,13575388,1303540,779535488,6509734,7222645,46972816,80580832,17295582,8651581,14226284,6964234,562127,16795534,4500839424,306485,23024132,780100,1378219,3882536,373549,1107832,NA,163991,NA,NA,73458336,NA
230724_Smp_G4_2_H_t2_C,Homarine,Particulate,2,G4_2,348830816,231366480,7633069,21657208,113635256,39258328,595633,3231560,3625425152,43308496,12492198,901808,754183680,5838952,5962114,40879452,76186224,18194028,7460010,12673196,7100512,604609,16908744,4781135872,353041,22943362,999218,1586346,3518103,336235,1083285,NA,134421,NA,NA,75274024,NA
230724_Smp_G4_2_H_t24_A,Homarine,Particulate,24,G4_2,311151616,326970464,5370147,15289835,98943488,60145836,254968,4685922,1926242816,51543508,11385184,1920775,483576480,5038098,7075854,64662820,125752408,12464999,11242676,12703844,3979336,327069,34203620,9295843328,731716,67102944,948090,5839813,1480517,115711,2695787,1364546,159766,383832,NA,17847824,758234
230724_Smp_G4_2_H_t24_B,Homarine,Particulate,24,G4_2,419539136,250856832,6370954,18506114,83519208,50697480,358533,4491711,1892164352,54542044,12870364,1856256,654515264,5219401,7487679,59774100,85200440,11455064,9579875,16582989,4410904,466075,28923208,7896461824,934106,76594928,1022040,12007246,2076622,142055,3681831,2017566,99707,680900,NA,26934874,1004157
230724_Smp_G4_2_H_t24_C,Homarine,Particulate,24,G4_2,472897920,315722080,7981131,25126804,84650600,61907264,323903,4777096,2089816960,67028176,15204430,1897580,720589696,5368544,9246196,73646272,96185568,11240242,10600145,21363010,12807569,564500,26694082,7353971200,1038904,59141896,827752,5437340,3754209,672812,2880825,2448340,250371,732105,NA,75592816,1131155
230724_Smp_G4_2_H_t48_A,Homarine,Particulate,48,G4_2,452506912,428662368,3524732,24568208,73671920,207277744,1017324,12263391,2534452224,150052256,21388092,6519472,1413657856,8446079,20049394,123789672,212745952,15368411,17985012,33093498,7529815,620984,31113232,8271481344,1282697,130759848,4834535,39585560,3864166,325802,6042447,944493,319641,217432,641468,27377840,469164
230724_Smp_G4_2_H_t48_B,Homarine,Particulate,48,G4_2,507978944,403423552,5803234,22988754,66567376,92639448,545237,10335590,2624367872,139614992,19238068,5029075,1002260096,9079554,16882780,111477840,186262288,12179802,16840588,32257328,5354644,791100,33529296,9160916992,1376007,174507504,1909368,82815512,2309553,198625,8378523,2221171,188962,643891,749000,32568400,960695
230724_Smp_G4_2_H_t48_C,Homarine,Particulate,48,G4_2,523981248,315864480,4137366,14308789,137796880,61560732,327856,9009182,1963770368,54789160,10674346,2002001,620736448,5637053,7429842,57805596,186106112,11834147,10109764,19614698,3015555,373312,29219596,7974545920,1199818,94862992,2794410,102187952,1132883,148511,4158896,1750629,157877,NA,285114,29959134,1083543
